fit_id,family,split,metric,status,v1_value,v2_value,delta_v2_minus_v1,changed
district_endowment/district_out_f0of5/bound-10/seed-42,district_endowment,district_out_f0of5,cost_welfare,comparable,213249456692.0,213249456692.0,0.0,False
district_endowment/district_out_f0of5/bound-10/seed-42,district_endowment,district_out_f0of5,exclusion,comparable,0.0510637229075768,0.0510637229075768,0.0,False
district_endowment/district_out_f0of5/bound-10/seed-42,district_endowment,district_out_f0of5,mean_csd,comparable,0.035917025179742615,0.035917025179742615,0.0,False
district_endowment/district_out_f0of5/bound-10/seed-42,district_endowment,district_out_f0of5,welfare,comparable,1109698.0,1109698.0,0.0,False
district_endowment/district_out_f0of5/bound-10/seed-42,district_endowment,district_out_f0of5,worst_csd,comparable,0.16652666683148037,0.16652666683148046,8.326672684688674e-17,True
district_endowment/district_out_f0of5/bound-40/seed-42,district_endowment,district_out_f0of5,cost_welfare,comparable,210985025604.0,210985025604.0,0.0,False
district_endowment/district_out_f0of5/bound-40/seed-42,district_endowment,district_out_f0of5,exclusion,comparable,0.05283464840710428,0.05283464840710428,0.0,False
district_endowment/district_out_f0of5/bound-40/seed-42,district_endowment,district_out_f0of5,mean_csd,comparable,0.032937265512268055,0.03293726551226806,6.938893903907228e-18,True
district_endowment/district_out_f0of5/bound-40/seed-42,district_endowment,district_out_f0of5,welfare,comparable,1109454.0,1109454.0,0.0,False
district_endowment/district_out_f0of5/bound-40/seed-42,district_endowment,district_out_f0of5,worst_csd,comparable,0.16685818462411084,0.16685818462411087,2.7755575615628914e-17,True
district_endowment/district_out_f1of5/bound-10/seed-42,district_endowment,district_out_f1of5,cost_welfare,comparable,112754808449.0,112754808449.0,0.0,False
district_endowment/district_out_f1of5/bound-10/seed-42,district_endowment,district_out_f1of5,exclusion,comparable,0.07738350873179917,0.07738350873179917,0.0,False
district_endowment/district_out_f1of5/bound-10/seed-42,district_endowment,district_out_f1of5,mean_csd,comparable,0.039450111987853226,0.03945011198785321,-1.3877787807814457e-17,True
district_endowment/district_out_f1of5/bound-10/seed-42,district_endowment,district_out_f1of5,welfare,comparable,775541.0,775541.0,0.0,False
district_endowment/district_out_f1of5/bound-10/seed-42,district_endowment,district_out_f1of5,worst_csd,comparable,0.20639420431703667,0.20639420431703656,-1.1102230246251565e-16,True
district_endowment/district_out_f1of5/bound-40/seed-42,district_endowment,district_out_f1of5,cost_welfare,comparable,112243633279.0,112243633279.0,0.0,False
district_endowment/district_out_f1of5/bound-40/seed-42,district_endowment,district_out_f1of5,exclusion,comparable,0.0809074210122737,0.0809074210122737,0.0,False
district_endowment/district_out_f1of5/bound-40/seed-42,district_endowment,district_out_f1of5,mean_csd,comparable,0.03667045279367073,0.036670452793670705,-2.7755575615628914e-17,True
district_endowment/district_out_f1of5/bound-40/seed-42,district_endowment,district_out_f1of5,welfare,comparable,778051.0,778051.0,0.0,False
district_endowment/district_out_f1of5/bound-40/seed-42,district_endowment,district_out_f1of5,worst_csd,comparable,0.19369264237289713,0.19369264237289718,5.551115123125783e-17,True
district_endowment/district_out_f2of5/bound-10/seed-42,district_endowment,district_out_f2of5,cost_welfare,comparable,55200470623.0,55200470623.0,0.0,False
district_endowment/district_out_f2of5/bound-10/seed-42,district_endowment,district_out_f2of5,exclusion,comparable,0.05271677153454846,0.05271677153454846,0.0,False
district_endowment/district_out_f2of5/bound-10/seed-42,district_endowment,district_out_f2of5,mean_csd,comparable,0.03301011192005339,0.03301011192005338,-6.938893903907228e-18,True
district_endowment/district_out_f2of5/bound-10/seed-42,district_endowment,district_out_f2of5,welfare,comparable,478225.0,478225.0,0.0,False
district_endowment/district_out_f2of5/bound-10/seed-42,district_endowment,district_out_f2of5,worst_csd,comparable,0.16408086609464914,0.16408086609464914,0.0,False
district_endowment/district_out_f2of5/bound-40/seed-42,district_endowment,district_out_f2of5,cost_welfare,comparable,55218869017.0,55218869017.0,0.0,False
district_endowment/district_out_f2of5/bound-40/seed-42,district_endowment,district_out_f2of5,exclusion,comparable,0.054560426441146906,0.054560426441146906,0.0,False
district_endowment/district_out_f2of5/bound-40/seed-42,district_endowment,district_out_f2of5,mean_csd,comparable,0.0320899330051199,0.032089933005119885,-1.3877787807814457e-17,True
district_endowment/district_out_f2of5/bound-40/seed-42,district_endowment,district_out_f2of5,welfare,comparable,481099.0,481099.0,0.0,False
district_endowment/district_out_f2of5/bound-40/seed-42,district_endowment,district_out_f2of5,worst_csd,comparable,0.15017149432725946,0.1501714943272594,-5.551115123125783e-17,True
district_endowment/district_out_f3of5/bound-10/seed-42,district_endowment,district_out_f3of5,cost_welfare,comparable,344119429786.0,344119429786.0,0.0,False
district_endowment/district_out_f3of5/bound-10/seed-42,district_endowment,district_out_f3of5,exclusion,comparable,0.0837973683524338,0.0837973683524338,0.0,False
district_endowment/district_out_f3of5/bound-10/seed-42,district_endowment,district_out_f3of5,mean_csd,comparable,0.04605655230033739,0.04605655230033741,2.0816681711721685e-17,True
district_endowment/district_out_f3of5/bound-10/seed-42,district_endowment,district_out_f3of5,welfare,comparable,1181047.0,1181047.0,0.0,False
district_endowment/district_out_f3of5/bound-10/seed-42,district_endowment,district_out_f3of5,worst_csd,comparable,0.2216087973732338,0.22160879737323375,-5.551115123125783e-17,True
district_endowment/district_out_f3of5/bound-40/seed-42,district_endowment,district_out_f3of5,cost_welfare,comparable,345150280988.0,345150280988.0,0.0,False
district_endowment/district_out_f3of5/bound-40/seed-42,district_endowment,district_out_f3of5,exclusion,comparable,0.08485685478040494,0.08485685478040494,0.0,False
district_endowment/district_out_f3of5/bound-40/seed-42,district_endowment,district_out_f3of5,mean_csd,comparable,0.04594012737220958,0.04594012737220956,-2.0816681711721685e-17,True
district_endowment/district_out_f3of5/bound-40/seed-42,district_endowment,district_out_f3of5,welfare,comparable,1174568.0,1174568.0,0.0,False
district_endowment/district_out_f3of5/bound-40/seed-42,district_endowment,district_out_f3of5,worst_csd,comparable,0.22395448408341823,0.22395448408341823,0.0,False
district_endowment/district_out_f4of5/bound-10/seed-42,district_endowment,district_out_f4of5,cost_welfare,comparable,96471394102.0,96471394102.0,0.0,False
district_endowment/district_out_f4of5/bound-10/seed-42,district_endowment,district_out_f4of5,exclusion,comparable,0.04474859685226069,0.04474859685226069,0.0,False
district_endowment/district_out_f4of5/bound-10/seed-42,district_endowment,district_out_f4of5,mean_csd,comparable,0.05181011279338557,0.05180967429637442,-4.384970111528941e-07,True
district_endowment/district_out_f4of5/bound-10/seed-42,district_endowment,district_out_f4of5,welfare,comparable,680720.0,680720.0,0.0,False
district_endowment/district_out_f4of5/bound-10/seed-42,district_endowment,district_out_f4of5,worst_csd,comparable,0.21776236393033246,0.21776153120575134,-8.327245811234896e-07,True
district_endowment/district_out_f4of5/bound-40/seed-42,district_endowment,district_out_f4of5,cost_welfare,comparable,97162209772.0,97162209772.0,0.0,False
district_endowment/district_out_f4of5/bound-40/seed-42,district_endowment,district_out_f4of5,exclusion,comparable,0.04407840191249995,0.04407840191249995,0.0,False
district_endowment/district_out_f4of5/bound-40/seed-42,district_endowment,district_out_f4of5,mean_csd,comparable,0.050163519304454986,0.05016307926942101,-4.400350339731074e-07,True
district_endowment/district_out_f4of5/bound-40/seed-42,district_endowment,district_out_f4of5,welfare,comparable,678193.0,678193.0,0.0,False
district_endowment/district_out_f4of5/bound-40/seed-42,district_endowment,district_out_f4of5,worst_csd,comparable,0.21520667567312968,0.21520583960216597,-8.360709637111885e-07,True
endowment_frontier/temporal_2022/target-0.99/seed-42,endowment_frontier,temporal_2022,cost_welfare,not_recorded_in_protected_release,,261349392083.0,,
endowment_frontier/temporal_2022/target-0.99/seed-42,endowment_frontier,temporal_2022,exclusion,comparable,0.041756,0.04175649067880175,4.906788017497443e-07,True
endowment_frontier/temporal_2022/target-0.99/seed-42,endowment_frontier,temporal_2022,mean_csd,comparable,0.037141,0.037141146048916725,1.460489167243173e-07,True
endowment_frontier/temporal_2022/target-0.99/seed-42,endowment_frontier,temporal_2022,welfare,comparable,1277125.0,1277125.0,0.0,False
endowment_frontier/temporal_2022/target-0.99/seed-42,endowment_frontier,temporal_2022,worst_csd,comparable,0.173595,0.17359479759981256,-2.0240018744344113e-07,True
endowment_frontier/temporal_2022/target-0/seed-42,endowment_frontier,temporal_2022,cost_welfare,not_recorded_in_protected_release,,261910433240.0,,
endowment_frontier/temporal_2022/target-0/seed-42,endowment_frontier,temporal_2022,exclusion,comparable,0.04182,0.041820417966329106,4.179663291026259e-07,True
endowment_frontier/temporal_2022/target-0/seed-42,endowment_frontier,temporal_2022,mean_csd,comparable,0.037381,0.037380942002654564,-5.7997345433158376e-08,True
endowment_frontier/temporal_2022/target-0/seed-42,endowment_frontier,temporal_2022,welfare,comparable,1274522.0,1274522.0,0.0,False
endowment_frontier/temporal_2022/target-0/seed-42,endowment_frontier,temporal_2022,worst_csd,comparable,0.17431,0.17430985409629765,-1.4590370234213168e-07,True
endowment_frontier/temporal_2022/target-1/seed-42,endowment_frontier,temporal_2022,cost_welfare,not_recorded_in_protected_release,,257093169220.0,,
endowment_frontier/temporal_2022/target-1/seed-42,endowment_frontier,temporal_2022,exclusion,comparable,0.043268,0.043268304477838075,3.0447783807424633e-07,True
endowment_frontier/temporal_2022/target-1/seed-42,endowment_frontier,temporal_2022,mean_csd,comparable,0.039526,0.03952633524098721,3.3524098721343654e-07,True
endowment_frontier/temporal_2022/target-1/seed-42,endowment_frontier,temporal_2022,welfare,comparable,1284042.0,1284042.0,0.0,False
endowment_frontier/temporal_2022/target-1/seed-42,endowment_frontier,temporal_2022,worst_csd,comparable,0.187563,0.18756295887036112,-4.11296388891369e-08,True
history_free/temporal_2022/seed-42,history_free,temporal_2022,cost_welfare,not_recorded_in_protected_release,,259933158614.0,,
history_free/temporal_2022/seed-42,history_free,temporal_2022,exclusion,comparable,0.04146787109291997,0.04146787109291997,0.0,False
history_free/temporal_2022/seed-42,history_free,temporal_2022,mean_csd,not_recorded_in_protected_release,,0.036650943285685626,,
history_free/temporal_2022/seed-42,history_free,temporal_2022,welfare,comparable,1277379.0,1277379.0,0.0,False
history_free/temporal_2022/seed-42,history_free,temporal_2022,worst_csd,comparable,0.16929744441977934,0.16929744441977934,0.0,False
outcome_frontier/temporal_2022/target-0.85/seed-1,outcome_frontier,temporal_2022,cost_welfare,not_recorded_in_protected_release,,215045693225.0,,
outcome_frontier/temporal_2022/target-0.85/seed-1,outcome_frontier,temporal_2022,exclusion,comparable,0.04633,0.04633025710263902,2.571026390188469e-07,True
outcome_frontier/temporal_2022/target-0.85/seed-1,outcome_frontier,temporal_2022,mean_csd,comparable,0.008462,0.008461667942317359,-3.320576826421062e-07,True
outcome_frontier/temporal_2022/target-0.85/seed-1,outcome_frontier,temporal_2022,welfare,comparable,1184850.0,1184850.0,0.0,False
outcome_frontier/temporal_2022/target-0.85/seed-1,outcome_frontier,temporal_2022,worst_csd,comparable,0.112558,0.11255775900190924,-2.4099809076139067e-07,True
outcome_frontier/temporal_2022/target-0.85/seed-2,outcome_frontier,temporal_2022,cost_welfare,not_recorded_in_protected_release,,216787865936.0,,
outcome_frontier/temporal_2022/target-0.85/seed-2,outcome_frontier,temporal_2022,exclusion,comparable,0.04405,0.04405016873063094,1.6873063093947316e-07,True
outcome_frontier/temporal_2022/target-0.85/seed-2,outcome_frontier,temporal_2022,mean_csd,comparable,0.007543,0.00754255838961155,-4.4161038845018374e-07,True
outcome_frontier/temporal_2022/target-0.85/seed-2,outcome_frontier,temporal_2022,welfare,comparable,1188088.0,1188088.0,0.0,False
outcome_frontier/temporal_2022/target-0.85/seed-2,outcome_frontier,temporal_2022,worst_csd,comparable,0.11497,0.11497029867777513,2.9867777512349036e-07,True
outcome_frontier/temporal_2022/target-0.85/seed-3,outcome_frontier,temporal_2022,cost_welfare,not_recorded_in_protected_release,,219365979406.0,,
outcome_frontier/temporal_2022/target-0.85/seed-3,outcome_frontier,temporal_2022,exclusion,comparable,0.04602,0.04602037835028975,3.783502897508617e-07,True
outcome_frontier/temporal_2022/target-0.85/seed-3,outcome_frontier,temporal_2022,mean_csd,comparable,0.00823,0.008229974425993877,-2.5574006122866533e-08,True
outcome_frontier/temporal_2022/target-0.85/seed-3,outcome_frontier,temporal_2022,welfare,comparable,1172496.0,1172496.0,0.0,False
outcome_frontier/temporal_2022/target-0.85/seed-3,outcome_frontier,temporal_2022,worst_csd,comparable,0.127654,0.1276539695437398,-3.0456260180500294e-08,True
outcome_frontier/temporal_2022/target-0.85/seed-42,outcome_frontier,temporal_2022,cost_welfare,not_recorded_in_protected_release,,222259087595.0,,
outcome_frontier/temporal_2022/target-0.85/seed-42,outcome_frontier,temporal_2022,exclusion,comparable,0.04499,0.044989635662301776,-3.6433769822624695e-07,True
outcome_frontier/temporal_2022/target-0.85/seed-42,outcome_frontier,temporal_2022,mean_csd,comparable,0.010097,0.010097473016641415,4.730166414147752e-07,True
outcome_frontier/temporal_2022/target-0.85/seed-42,outcome_frontier,temporal_2022,welfare,comparable,1198311.0,1198311.0,0.0,False
outcome_frontier/temporal_2022/target-0.85/seed-42,outcome_frontier,temporal_2022,worst_csd,comparable,0.115258,0.11525794725360289,-5.2746397111169685e-08,True
outcome_frontier/temporal_2022/target-0.95/seed-1,outcome_frontier,temporal_2022,cost_welfare,not_recorded_in_protected_release,,205808365697.0,,
outcome_frontier/temporal_2022/target-0.95/seed-1,outcome_frontier,temporal_2022,exclusion,comparable,0.040915,0.04091494037364915,-5.962635084982848e-08,True
outcome_frontier/temporal_2022/target-0.95/seed-1,outcome_frontier,temporal_2022,mean_csd,comparable,0.014951,0.0149505218618417,-4.781381583007088e-07,True
outcome_frontier/temporal_2022/target-0.95/seed-1,outcome_frontier,temporal_2022,welfare,comparable,1245127.0,1245127.0,0.0,False
outcome_frontier/temporal_2022/target-0.95/seed-1,outcome_frontier,temporal_2022,worst_csd,comparable,0.129492,0.12949244132978324,4.4132978324618044e-07,True
outcome_frontier/temporal_2022/target-0.95/seed-2,outcome_frontier,temporal_2022,cost_welfare,not_recorded_in_protected_release,,215693674967.0,,
outcome_frontier/temporal_2022/target-0.95/seed-2,outcome_frontier,temporal_2022,exclusion,comparable,0.044987,0.04498669162968119,-3.0837031880781574e-07,True
outcome_frontier/temporal_2022/target-0.95/seed-2,outcome_frontier,temporal_2022,mean_csd,comparable,0.021049,0.021049279591973256,2.795919732574703e-07,True
outcome_frontier/temporal_2022/target-0.95/seed-2,outcome_frontier,temporal_2022,welfare,comparable,1258909.0,1258909.0,0.0,False
outcome_frontier/temporal_2022/target-0.95/seed-2,outcome_frontier,temporal_2022,worst_csd,comparable,0.148884,0.14888351579622497,-4.842037750196759e-07,True
outcome_frontier/temporal_2022/target-0.95/seed-3,outcome_frontier,temporal_2022,cost_welfare,not_recorded_in_protected_release,,220843825195.0,,
outcome_frontier/temporal_2022/target-0.95/seed-3,outcome_frontier,temporal_2022,exclusion,comparable,0.043278,0.04327844716098574,4.471609857462089e-07,True
outcome_frontier/temporal_2022/target-0.95/seed-3,outcome_frontier,temporal_2022,mean_csd,comparable,0.014147,0.014147477017303657,4.770173036572345e-07,True
outcome_frontier/temporal_2022/target-0.95/seed-3,outcome_frontier,temporal_2022,welfare,comparable,1242834.0,1242834.0,0.0,False
outcome_frontier/temporal_2022/target-0.95/seed-3,outcome_frontier,temporal_2022,worst_csd,comparable,0.117091,0.11709119505747073,1.950574707310082e-07,True
outcome_frontier/temporal_2022/target-0.95/seed-42,outcome_frontier,temporal_2022,cost_welfare,not_recorded_in_protected_release,,227326118075.0,,
outcome_frontier/temporal_2022/target-0.95/seed-42,outcome_frontier,temporal_2022,exclusion,comparable,0.044236,0.04423627682639016,2.768263901650747e-07,True
outcome_frontier/temporal_2022/target-0.95/seed-42,outcome_frontier,temporal_2022,mean_csd,comparable,0.022783,0.022783117681030127,1.1768103012552156e-07,True
outcome_frontier/temporal_2022/target-0.95/seed-42,outcome_frontier,temporal_2022,welfare,comparable,1259890.0,1259890.0,0.0,False
outcome_frontier/temporal_2022/target-0.95/seed-42,outcome_frontier,temporal_2022,worst_csd,comparable,0.148322,0.14832216603972648,1.6603972646800358e-07,True
outcome_frontier/temporal_2022/target-0/seed-1,outcome_frontier,temporal_2022,cost_welfare,not_recorded_in_protected_release,,249483984721.0,,
outcome_frontier/temporal_2022/target-0/seed-1,outcome_frontier,temporal_2022,exclusion,comparable,0.060833,0.060832727043250746,-2.729567492518181e-07,True
outcome_frontier/temporal_2022/target-0/seed-1,outcome_frontier,temporal_2022,mean_csd,comparable,0.002354,0.002354403204215654,4.032042156538844e-07,True
outcome_frontier/temporal_2022/target-0/seed-1,outcome_frontier,temporal_2022,welfare,comparable,1058723.0,1058723.0,0.0,False
outcome_frontier/temporal_2022/target-0/seed-1,outcome_frontier,temporal_2022,worst_csd,comparable,0.11231,0.11231013817146332,1.3817146332639751e-07,True
outcome_frontier/temporal_2022/target-0/seed-2,outcome_frontier,temporal_2022,cost_welfare,not_recorded_in_protected_release,,205350882008.0,,
outcome_frontier/temporal_2022/target-0/seed-2,outcome_frontier,temporal_2022,exclusion,comparable,0.09153,0.0915301146085432,1.1460854319744751e-07,True
outcome_frontier/temporal_2022/target-0/seed-2,outcome_frontier,temporal_2022,mean_csd,comparable,-0.002604,-0.002604489887808385,-4.898878083851865e-07,True
outcome_frontier/temporal_2022/target-0/seed-2,outcome_frontier,temporal_2022,welfare,comparable,799235.0,799235.0,0.0,False
outcome_frontier/temporal_2022/target-0/seed-2,outcome_frontier,temporal_2022,worst_csd,comparable,0.121704,0.12170356267521537,-4.3732478463565094e-07,True
outcome_frontier/temporal_2022/target-0/seed-3,outcome_frontier,temporal_2022,cost_welfare,not_recorded_in_protected_release,,178379130185.0,,
outcome_frontier/temporal_2022/target-0/seed-3,outcome_frontier,temporal_2022,exclusion,comparable,0.060683,0.06068277512516199,-2.248748380076493e-07,True
outcome_frontier/temporal_2022/target-0/seed-3,outcome_frontier,temporal_2022,mean_csd,comparable,-0.003923,-0.003923088181890575,-8.818189057430148e-08,True
outcome_frontier/temporal_2022/target-0/seed-3,outcome_frontier,temporal_2022,welfare,comparable,1014618.0,1014618.0,0.0,False
outcome_frontier/temporal_2022/target-0/seed-3,outcome_frontier,temporal_2022,worst_csd,comparable,0.108949,0.10894940698103117,4.0698103116743045e-07,True
outcome_frontier/temporal_2022/target-0/seed-42,outcome_frontier,temporal_2022,cost_welfare,not_recorded_in_protected_release,,260075383071.0,,
outcome_frontier/temporal_2022/target-0/seed-42,outcome_frontier,temporal_2022,exclusion,comparable,0.147006,0.1470062083207223,2.0832072231136145e-07,True
outcome_frontier/temporal_2022/target-0/seed-42,outcome_frontier,temporal_2022,mean_csd,comparable,0.002439,0.002439004666326355,4.66632635483244e-09,True
outcome_frontier/temporal_2022/target-0/seed-42,outcome_frontier,temporal_2022,welfare,comparable,586114.0,586114.0,0.0,False
outcome_frontier/temporal_2022/target-0/seed-42,outcome_frontier,temporal_2022,worst_csd,comparable,0.122842,0.12284201495051265,1.4950512647327052e-08,True
outcome_frontier/temporal_2022/target-1.02/seed-1,outcome_frontier,temporal_2022,cost_welfare,not_recorded_in_protected_release,,221258748574.0,,
outcome_frontier/temporal_2022/target-1.02/seed-1,outcome_frontier,temporal_2022,exclusion,comparable,0.044481,0.04448071125495409,-2.887450459079788e-07,True
outcome_frontier/temporal_2022/target-1.02/seed-1,outcome_frontier,temporal_2022,mean_csd,comparable,0.035157,0.03515736696593259,3.669659325925001e-07,True
outcome_frontier/temporal_2022/target-1.02/seed-1,outcome_frontier,temporal_2022,welfare,comparable,1309494.0,1309494.0,0.0,False
outcome_frontier/temporal_2022/target-1.02/seed-1,outcome_frontier,temporal_2022,worst_csd,comparable,0.182289,0.18228907864225807,7.864225806675229e-08,True
outcome_frontier/temporal_2022/target-1.02/seed-2,outcome_frontier,temporal_2022,cost_welfare,not_recorded_in_protected_release,,214715687844.0,,
outcome_frontier/temporal_2022/target-1.02/seed-2,outcome_frontier,temporal_2022,exclusion,comparable,0.044949,0.044948747899830326,-2.521001696773051e-07,True
outcome_frontier/temporal_2022/target-1.02/seed-2,outcome_frontier,temporal_2022,mean_csd,comparable,0.035342,0.03534176702347688,-2.3297652311515815e-07,True
outcome_frontier/temporal_2022/target-1.02/seed-2,outcome_frontier,temporal_2022,welfare,comparable,1310258.0,1310258.0,0.0,False
outcome_frontier/temporal_2022/target-1.02/seed-2,outcome_frontier,temporal_2022,worst_csd,comparable,0.184224,0.18422446499090653,4.649909065290725e-07,True
outcome_frontier/temporal_2022/target-1.02/seed-3,outcome_frontier,temporal_2022,cost_welfare,not_recorded_in_protected_release,,213681751299.0,,
outcome_frontier/temporal_2022/target-1.02/seed-3,outcome_frontier,temporal_2022,exclusion,comparable,0.043769,0.04376914784252128,1.4784252128086095e-07,True
outcome_frontier/temporal_2022/target-1.02/seed-3,outcome_frontier,temporal_2022,mean_csd,comparable,0.034383,0.034382753969428095,-2.460305719015343e-07,True
outcome_frontier/temporal_2022/target-1.02/seed-3,outcome_frontier,temporal_2022,welfare,comparable,1307754.0,1307754.0,0.0,False
outcome_frontier/temporal_2022/target-1.02/seed-3,outcome_frontier,temporal_2022,worst_csd,comparable,0.179518,0.17951758164790665,-4.183520933564999e-07,True
outcome_frontier/temporal_2022/target-1.02/seed-42,outcome_frontier,temporal_2022,cost_welfare,not_recorded_in_protected_release,,221271973394.0,,
outcome_frontier/temporal_2022/target-1.02/seed-42,outcome_frontier,temporal_2022,exclusion,comparable,0.045057,0.04505705351038585,5.3510385851496256e-08,True
outcome_frontier/temporal_2022/target-1.02/seed-42,outcome_frontier,temporal_2022,mean_csd,comparable,0.03518,0.03518040276475629,4.027647562895864e-07,True
outcome_frontier/temporal_2022/target-1.02/seed-42,outcome_frontier,temporal_2022,welfare,comparable,1310536.0,1310536.0,0.0,False
outcome_frontier/temporal_2022/target-1.02/seed-42,outcome_frontier,temporal_2022,worst_csd,comparable,0.18283,0.182830010109057,1.0109057008156341e-08,True
outcome_frontier/temporal_2022/target-1.05/seed-1,outcome_frontier,temporal_2022,cost_welfare,not_recorded_in_protected_release,,214637749214.0,,
outcome_frontier/temporal_2022/target-1.05/seed-1,outcome_frontier,temporal_2022,exclusion,comparable,0.044708,0.04470828420222273,2.8420222273478624e-07,True
outcome_frontier/temporal_2022/target-1.05/seed-1,outcome_frontier,temporal_2022,mean_csd,comparable,0.035388,0.035387996649248556,-3.3507514471398103e-09,True
outcome_frontier/temporal_2022/target-1.05/seed-1,outcome_frontier,temporal_2022,welfare,comparable,1310373.0,1310373.0,0.0,False
outcome_frontier/temporal_2022/target-1.05/seed-1,outcome_frontier,temporal_2022,worst_csd,comparable,0.182136,0.1821364570316865,4.570316864960233e-07,True
outcome_frontier/temporal_2022/target-1.05/seed-2,outcome_frontier,temporal_2022,cost_welfare,not_recorded_in_protected_release,,226305058189.0,,
outcome_frontier/temporal_2022/target-1.05/seed-2,outcome_frontier,temporal_2022,exclusion,comparable,0.045084,0.04508359265086474,-4.0734913525630745e-07,True
outcome_frontier/temporal_2022/target-1.05/seed-2,outcome_frontier,temporal_2022,mean_csd,comparable,0.038536,0.038536299210696394,2.9921069639310405e-07,True
outcome_frontier/temporal_2022/target-1.05/seed-2,outcome_frontier,temporal_2022,welfare,comparable,1317877.0,1317877.0,0.0,False
outcome_frontier/temporal_2022/target-1.05/seed-2,outcome_frontier,temporal_2022,worst_csd,comparable,0.187915,0.18791496686945322,-3.313054677822613e-08,True
outcome_frontier/temporal_2022/target-1.05/seed-3,outcome_frontier,temporal_2022,cost_welfare,not_recorded_in_protected_release,,220857397524.0,,
outcome_frontier/temporal_2022/target-1.05/seed-3,outcome_frontier,temporal_2022,exclusion,comparable,0.044778,0.04477776450618088,-2.3549381911874834e-07,True
outcome_frontier/temporal_2022/target-1.05/seed-3,outcome_frontier,temporal_2022,mean_csd,comparable,0.035524,0.03552421084508885,2.108450888466118e-07,True
outcome_frontier/temporal_2022/target-1.05/seed-3,outcome_frontier,temporal_2022,welfare,comparable,1310032.0,1310032.0,0.0,False
outcome_frontier/temporal_2022/target-1.05/seed-3,outcome_frontier,temporal_2022,worst_csd,comparable,0.182117,0.182117282558128,2.825581280063716e-07,True
outcome_frontier/temporal_2022/target-1.05/seed-42,outcome_frontier,temporal_2022,cost_welfare,not_recorded_in_protected_release,,214460555284.0,,
outcome_frontier/temporal_2022/target-1.05/seed-42,outcome_frontier,temporal_2022,exclusion,comparable,0.045029,0.04502870495934042,-2.9504065957725034e-07,True
outcome_frontier/temporal_2022/target-1.05/seed-42,outcome_frontier,temporal_2022,mean_csd,comparable,0.036369,0.03636892724961976,-7.275038024084912e-08,True
outcome_frontier/temporal_2022/target-1.05/seed-42,outcome_frontier,temporal_2022,welfare,comparable,1312691.0,1312691.0,0.0,False
outcome_frontier/temporal_2022/target-1.05/seed-42,outcome_frontier,temporal_2022,worst_csd,comparable,0.186915,0.18691548520284865,4.852028486490578e-07,True
outcome_frontier/temporal_2022/target-1/seed-1,outcome_frontier,temporal_2022,cost_welfare,not_recorded_in_protected_release,,221716004378.0,,
outcome_frontier/temporal_2022/target-1/seed-1,outcome_frontier,temporal_2022,exclusion,comparable,0.043996,0.04399576425651869,-2.3574348131244482e-07,True
outcome_frontier/temporal_2022/target-1/seed-1,outcome_frontier,temporal_2022,mean_csd,comparable,0.030901,0.03090096594877277,-3.405122723024179e-08,True
outcome_frontier/temporal_2022/target-1/seed-1,outcome_frontier,temporal_2022,welfare,comparable,1299729.0,1299729.0,0.0,False
outcome_frontier/temporal_2022/target-1/seed-1,outcome_frontier,temporal_2022,worst_csd,comparable,0.169542,0.16954239191477613,3.9191477613220727e-07,True
outcome_frontier/temporal_2022/target-1/seed-2,outcome_frontier,temporal_2022,cost_welfare,not_recorded_in_protected_release,,204920298534.0,,
outcome_frontier/temporal_2022/target-1/seed-2,outcome_frontier,temporal_2022,exclusion,comparable,0.043377,0.04337657530214888,-4.246978511160404e-07,True
outcome_frontier/temporal_2022/target-1/seed-2,outcome_frontier,temporal_2022,mean_csd,comparable,0.031545,0.03154525691337809,2.569133780924715e-07,True
outcome_frontier/temporal_2022/target-1/seed-2,outcome_frontier,temporal_2022,welfare,comparable,1299707.0,1299707.0,0.0,False
outcome_frontier/temporal_2022/target-1/seed-2,outcome_frontier,temporal_2022,worst_csd,comparable,0.173495,0.17349486983688214,-1.3016311786739898e-07,True
outcome_frontier/temporal_2022/target-1/seed-3,outcome_frontier,temporal_2022,cost_welfare,not_recorded_in_protected_release,,213900465834.0,,
outcome_frontier/temporal_2022/target-1/seed-3,outcome_frontier,temporal_2022,exclusion,comparable,0.043872,0.04387219836298141,1.9836298140868402e-07,True
outcome_frontier/temporal_2022/target-1/seed-3,outcome_frontier,temporal_2022,mean_csd,comparable,0.030414,0.030413769879470268,-2.3012052973239716e-07,True
outcome_frontier/temporal_2022/target-1/seed-3,outcome_frontier,temporal_2022,welfare,comparable,1298094.0,1298094.0,0.0,False
outcome_frontier/temporal_2022/target-1/seed-3,outcome_frontier,temporal_2022,worst_csd,comparable,0.170186,0.1701862327868678,2.3278686780980884e-07,True
outcome_frontier/temporal_2022/target-1/seed-42,outcome_frontier,temporal_2022,cost_welfare,not_recorded_in_protected_release,,224645677653.0,,
outcome_frontier/temporal_2022/target-1/seed-42,outcome_frontier,temporal_2022,exclusion,comparable,0.044722,0.04472175782546373,-2.4217453626490526e-07,True
outcome_frontier/temporal_2022/target-1/seed-42,outcome_frontier,temporal_2022,mean_csd,comparable,0.031998,0.03199823833356313,2.383335631281347e-07,True
outcome_frontier/temporal_2022/target-1/seed-42,outcome_frontier,temporal_2022,welfare,comparable,1303057.0,1303057.0,0.0,False
outcome_frontier/temporal_2022/target-1/seed-42,outcome_frontier,temporal_2022,worst_csd,comparable,0.172801,0.17280131051580602,3.1051580601237916e-07,True
outcome_loo/temporal_2022/mask-approval_share/seed-42,outcome_loo,temporal_2022,cost_welfare,not_recorded_in_protected_release,,209979511812.0,,
outcome_loo/temporal_2022/mask-approval_share/seed-42,outcome_loo,temporal_2022,exclusion,not_recorded_in_protected_release,,0.04416586662676472,,
outcome_loo/temporal_2022/mask-approval_share/seed-42,outcome_loo,temporal_2022,mean_csd,not_recorded_in_protected_release,,0.03176739371694121,,
outcome_loo/temporal_2022/mask-approval_share/seed-42,outcome_loo,temporal_2022,welfare,comparable,1295721.0,1295721.0,0.0,False
outcome_loo/temporal_2022/mask-approval_share/seed-42,outcome_loo,temporal_2022,worst_csd,comparable,0.169946,0.16994631521026704,3.1521026702674426e-07,True
outcome_loo/temporal_2022/mask-approvals_per_cost/seed-42,outcome_loo,temporal_2022,cost_welfare,not_recorded_in_protected_release,,214011106524.0,,
outcome_loo/temporal_2022/mask-approvals_per_cost/seed-42,outcome_loo,temporal_2022,exclusion,not_recorded_in_protected_release,,0.04516340027652985,,
outcome_loo/temporal_2022/mask-approvals_per_cost/seed-42,outcome_loo,temporal_2022,mean_csd,not_recorded_in_protected_release,,0.032449711017831576,,
outcome_loo/temporal_2022/mask-approvals_per_cost/seed-42,outcome_loo,temporal_2022,welfare,comparable,1295940.0,1295940.0,0.0,False
outcome_loo/temporal_2022/mask-approvals_per_cost/seed-42,outcome_loo,temporal_2022,worst_csd,comparable,0.178101,0.17810110200999088,1.0200999087106588e-07,True
outcome_loo/temporal_2022/mask-cohort_concentration/seed-42,outcome_loo,temporal_2022,cost_welfare,not_recorded_in_protected_release,,199555543144.0,,
outcome_loo/temporal_2022/mask-cohort_concentration/seed-42,outcome_loo,temporal_2022,exclusion,not_recorded_in_protected_release,,0.041319416603805725,,
outcome_loo/temporal_2022/mask-cohort_concentration/seed-42,outcome_loo,temporal_2022,mean_csd,not_recorded_in_protected_release,,0.02782819960422996,,
outcome_loo/temporal_2022/mask-cohort_concentration/seed-42,outcome_loo,temporal_2022,welfare,comparable,1265347.0,1265347.0,0.0,False
outcome_loo/temporal_2022/mask-cohort_concentration/seed-42,outcome_loo,temporal_2022,worst_csd,comparable,0.163315,0.16331502350037327,2.350037328624488e-08,True
outcome_loo/temporal_2022/mask-cost_share/seed-42,outcome_loo,temporal_2022,cost_welfare,not_recorded_in_protected_release,,206363113604.0,,
outcome_loo/temporal_2022/mask-cost_share/seed-42,outcome_loo,temporal_2022,exclusion,not_recorded_in_protected_release,,0.04394786128029772,,
outcome_loo/temporal_2022/mask-cost_share/seed-42,outcome_loo,temporal_2022,mean_csd,not_recorded_in_protected_release,,0.032594376771744954,,
outcome_loo/temporal_2022/mask-cost_share/seed-42,outcome_loo,temporal_2022,welfare,comparable,1296740.0,1296740.0,0.0,False
outcome_loo/temporal_2022/mask-cost_share/seed-42,outcome_loo,temporal_2022,worst_csd,comparable,0.17911,0.1791096354396968,-3.64560303195427e-07,True
outcome_loo/temporal_2022/mask-deficit_weighted/seed-42,outcome_loo,temporal_2022,cost_welfare,not_recorded_in_protected_release,,210186193909.0,,
outcome_loo/temporal_2022/mask-deficit_weighted/seed-42,outcome_loo,temporal_2022,exclusion,not_recorded_in_protected_release,,0.044313115458883,,
outcome_loo/temporal_2022/mask-deficit_weighted/seed-42,outcome_loo,temporal_2022,mean_csd,not_recorded_in_protected_release,,0.03188893241620712,,
outcome_loo/temporal_2022/mask-deficit_weighted/seed-42,outcome_loo,temporal_2022,welfare,comparable,1302646.0,1302646.0,0.0,False
outcome_loo/temporal_2022/mask-deficit_weighted/seed-42,outcome_loo,temporal_2022,worst_csd,comparable,0.176023,0.17602274871583562,-2.512841643931285e-07,True
static_age_lookup/temporal_2022/seed-42,static_age_lookup,temporal_2022,cost_welfare,not_recorded_in_protected_release,,256605387395.0,,
static_age_lookup/temporal_2022/seed-42,static_age_lookup,temporal_2022,exclusion,comparable,0.04517263215389756,0.04517263215389756,0.0,False
static_age_lookup/temporal_2022/seed-42,static_age_lookup,temporal_2022,mean_csd,not_recorded_in_protected_release,,0.03224138632539615,,
static_age_lookup/temporal_2022/seed-42,static_age_lookup,temporal_2022,welfare,comparable,1261342.0,1261342.0,0.0,False
static_age_lookup/temporal_2022/seed-42,static_age_lookup,temporal_2022,worst_csd,comparable,0.16244223717418457,0.16244223717418455,-2.7755575615628914e-17,True
static_support_floor/temporal_2022/kappa-1/seed-42,static_support_floor,temporal_2022,cost_welfare,not_recorded_in_protected_release,,243169476899.0,,
static_support_floor/temporal_2022/kappa-1/seed-42,static_support_floor,temporal_2022,exclusion,comparable,0.085829,0.08582901701447493,1.7014474926191347e-08,True
static_support_floor/temporal_2022/kappa-1/seed-42,static_support_floor,temporal_2022,mean_csd,not_recorded_in_protected_release,,0.005538436136747044,,
static_support_floor/temporal_2022/kappa-1/seed-42,static_support_floor,temporal_2022,welfare,comparable,775230.0,775230.0,0.0,False
static_support_floor/temporal_2022/kappa-1/seed-42,static_support_floor,temporal_2022,worst_csd,comparable,0.105757,0.10575743826447936,4.3826447936046176e-07,True
static_support_floor/temporal_2022/kappa-2/seed-42,static_support_floor,temporal_2022,cost_welfare,not_recorded_in_protected_release,,193449538838.0,,
static_support_floor/temporal_2022/kappa-2/seed-42,static_support_floor,temporal_2022,exclusion,comparable,0.097533,0.09753285078358764,-1.492164123512163e-07,True
static_support_floor/temporal_2022/kappa-2/seed-42,static_support_floor,temporal_2022,mean_csd,not_recorded_in_protected_release,,-0.006839123339033239,,
static_support_floor/temporal_2022/kappa-2/seed-42,static_support_floor,temporal_2022,welfare,comparable,693752.0,693752.0,0.0,False
static_support_floor/temporal_2022/kappa-2/seed-42,static_support_floor,temporal_2022,worst_csd,comparable,0.103604,0.10360360523564614,-3.947643538587675e-07,True
temporal_endowment/temporal_2022/seed-1,temporal_endowment,temporal_2022,cost_welfare,comparable,262214541679.0,262214541679.0,0.0,False
temporal_endowment/temporal_2022/seed-1,temporal_endowment,temporal_2022,exclusion,comparable,0.04159135665693533,0.04159135665693533,0.0,False
temporal_endowment/temporal_2022/seed-1,temporal_endowment,temporal_2022,mean_csd,comparable,0.03725423041078889,0.03725423041078887,-2.0816681711721685e-17,True
temporal_endowment/temporal_2022/seed-1,temporal_endowment,temporal_2022,welfare,comparable,1269928.0,1269928.0,0.0,False
temporal_endowment/temporal_2022/seed-1,temporal_endowment,temporal_2022,worst_csd,comparable,0.17380958311530215,0.1738095831153021,-5.551115123125783e-17,True
temporal_endowment/temporal_2022/seed-2,temporal_endowment,temporal_2022,cost_welfare,comparable,262527974879.0,262527974879.0,0.0,False
temporal_endowment/temporal_2022/seed-2,temporal_endowment,temporal_2022,exclusion,comparable,0.04201522425727551,0.04201522425727551,0.0,False
temporal_endowment/temporal_2022/seed-2,temporal_endowment,temporal_2022,mean_csd,comparable,0.03712526440582973,0.037125264405829736,6.938893903907228e-18,True
temporal_endowment/temporal_2022/seed-2,temporal_endowment,temporal_2022,welfare,comparable,1269816.0,1269816.0,0.0,False
temporal_endowment/temporal_2022/seed-2,temporal_endowment,temporal_2022,worst_csd,comparable,0.1729419833538551,0.17294198335385508,-2.7755575615628914e-17,True
temporal_endowment/temporal_2022/seed-42,temporal_endowment,temporal_2022,cost_welfare,comparable,261293765825.0,261293765825.0,0.0,False
temporal_endowment/temporal_2022/seed-42,temporal_endowment,temporal_2022,exclusion,comparable,0.04138742661934823,0.04138742661934823,0.0,False
temporal_endowment/temporal_2022/seed-42,temporal_endowment,temporal_2022,mean_csd,comparable,0.036968488968785546,0.03696848896878553,-1.3877787807814457e-17,True
temporal_endowment/temporal_2022/seed-42,temporal_endowment,temporal_2022,welfare,comparable,1273257.0,1273257.0,0.0,False
temporal_endowment/temporal_2022/seed-42,temporal_endowment,temporal_2022,worst_csd,comparable,0.1736338865588518,0.17363388655885176,-5.551115123125783e-17,True
