filename	series	year	bytes	sha256
Poland_Gdynia_2020_Babie_Doly__large.pb	Poland/Gdynia/Babie Doły | large	2020	6243	3f44ef0e704c5a3bee9e3d1b50e0cd8b5c4c2dcca71ea4d97972751775f89781
Poland_Gdynia_2020_Chwarzno-Wiczlino__large.pb	Poland/Gdynia/Chwarzno-Wiczlino | large	2020	61666	080f7679baddbe768b19223681e7f60734ee0a9183c1b9081922b290386a066f
Poland_Gdynia_2020_Chylonia__large.pb	Poland/Gdynia/Chylonia | large	2020	21121	cb0a8da8b54417c951ab39f47f02e0de3d5c650c8a20c22bb0b6873f4bc884e8
Poland_Gdynia_2020_Cisowa__large.pb	Poland/Gdynia/Cisowa | large	2020	11198	91aaf5ce42482c8ea27c54330989558b884924e21f1e95633adf7f412b0a8ccc
Poland_Gdynia_2020_Dabrowa__large.pb	Poland/Gdynia/Dąbrowa | large	2020	38161	d8c5e82b75e7c7b01e5caa8d3e05f1f829d8ee0b27b74bb07e08328d683baf91
Poland_Gdynia_2020_Dzialki_Lesne__large.pb	Poland/Gdynia/Działki Leśne | large	2020	12737	c48eccba4820954d8ca0afadf56b2ef6450ddf92d67e83d754b9085b5063f407
Poland_Gdynia_2020_Grabowek__large.pb	Poland/Gdynia/Grabówek | large	2020	24402	6e811baa6264b8aca63167e206fdccb46979c9f5b786f72fb4fcd6f46a6c4af1
Poland_Gdynia_2020_Kamienna_Gora__large.pb	Poland/Gdynia/Kamienna Góra | large	2020	7844	a480092866d03bca34de623f756abc3b783b23543a6c279b907e676b4ffea7bf
Poland_Gdynia_2020_Karwiny__large.pb	Poland/Gdynia/Karwiny | large	2020	18594	8a860fc6a895f771405a157fd825f2963038d804183de4f3509e1088334a3ccd
Poland_Gdynia_2020_Leszczynki__large.pb	Poland/Gdynia/Leszczynki | large	2020	12894	2c500fbcb2f07276f66f8fb73181f5bd9463388775f0f20bc0d48ae54c468864
Poland_Gdynia_2020_Maly_Kack__large.pb	Poland/Gdynia/Mały Kack | large	2020	49637	d06b535be2160f52621cffb0cebf8403861a13939edce9d7ff4fdbc3be896a1c
Poland_Gdynia_2020_Obluze__large.pb	Poland/Gdynia/Obłuże | large	2020	32858	2f086eb48067f91896f72df1c88e14ca10aa1d2f77056648e164124e1b5fbc9b
Poland_Gdynia_2020_Oksywie__large.pb	Poland/Gdynia/Oksywie | large	2020	11544	0a0abafb21b2bab202ec215837406dcc2cd90620ba38ff15dc9920306a16af83
Poland_Gdynia_2020_Orlowo__large.pb	Poland/Gdynia/Orłowo | large	2020	5669	2ba1cf19b1f5abe00979e9fab70fae9d2684a8e53fbc7dd73d0393e8299a513f
Poland_Gdynia_2020_Pogorze__large.pb	Poland/Gdynia/Pogórze | large	2020	19077	e755fb58ef4975cf953213b4174ee89418207e09f529a65cc304c9a2a0f22a41
Poland_Gdynia_2020_Pustki_Cisowskie-Demptowo__large.pb	Poland/Gdynia/Pustki Cisowskie-Demptowo | large	2020	17443	143a2f96e7b8f28dcb7c80d7279060122b9a0ce021fb6ab222e463ade2a489fd
Poland_Gdynia_2020_Redlowo__large.pb	Poland/Gdynia/Redłowo | large	2020	41520	acf6ab72299874e732059740bcb55a6c0d11d44c84bdc744fd3c16f04423ca8e
Poland_Gdynia_2020_Srodmiescie__large.pb	Poland/Gdynia/Śródmieście | large	2020	15949	b07936685a9d2dbb2b908c6b90d9c47c4c7e4a46e30afa95356b71ce646e5a5d
Poland_Gdynia_2020_Wielki_Kack__large.pb	Poland/Gdynia/Wielki Kack | large	2020	15609	73eb135b24aca67010f6e6e8c4288d78577b068d488d9c7d53c2d7ef99f1615a
Poland_Gdynia_2020_Witomino__large.pb	Poland/Gdynia/Witomino | large	2020	15662	f4f08f6acdc117a7a74339374b7031caf2d6d143dba5ac6eddeb7bda6e109536
Poland_Gdynia_2020_Wzgorze_Sw._Maksymiliana__large.pb	Poland/Gdynia/Wzgórze Św. Maksymiliana | large	2020	21263	da08e90840f95ba7ef1ea1ba759e336b7df3502ab88eb5e51cb62391c9b9f00a
Poland_Gdynia_2021_Babie_Doly__large.pb	Poland/Gdynia/Babie Doły | large	2021	24129	8a11750451fa489cc3c28f5feec4bc6a1eca75883ecc2c2057560ca2e2d4b553
Poland_Gdynia_2021_Chwarzno-Wiczlino__large.pb	Poland/Gdynia/Chwarzno-Wiczlino | large	2021	143147	05ec97179970e9186d3f3f70c93f26ae4a450af851bad205b7d300db9bc46769
Poland_Gdynia_2021_Chwarzno-Wiczlino__small.pb	Poland/Gdynia/Chwarzno-Wiczlino | small	2021	142389	6b03bee98c1fac1f61c1f68dd4d2fa898416e34da12def00c57d135664b4f315
Poland_Gdynia_2021_Chylonia__large.pb	Poland/Gdynia/Chylonia | large	2021	39121	b2b56f1979b9d720fad572dddfc696f02508c3276315654dc1cf647fabc8a647
Poland_Gdynia_2021_Cisowa__large.pb	Poland/Gdynia/Cisowa | large	2021	41126	242ef0b965962be1b9dfe9f559edebbc47dab60570b6faf9a6d6eb68f6d71719
Poland_Gdynia_2021_Dabrowa__large.pb	Poland/Gdynia/Dąbrowa | large	2021	69877	d178e46a59afbc40127ba088aec78e136efeecccbb4844cad4694c6979b1b3bc
Poland_Gdynia_2021_Dzialki_Lesne__large.pb	Poland/Gdynia/Działki Leśne | large	2021	35177	84cf466af4519e30f927952547111bf84b0d1a53a405094d7ab520d1998575fb
Poland_Gdynia_2021_Grabowek__large.pb	Poland/Gdynia/Grabówek | large	2021	40017	2ea8c806fc20878ecc510fd378da266a230476c4b2e7ade758dc0e3948e67007
Poland_Gdynia_2021_Green_Budget.pb	Poland/Gdynia/Green Budget	2021	1065209	a4baa6c1c4047b360271f1169ecc3bda76a5813ab4961465e1d06f8716d8e08e
Poland_Gdynia_2021_Kamienna_Gora__large.pb	Poland/Gdynia/Kamienna Góra | large	2021	10225	94fcf0216d84d9a8a8645a4a40ad1a5af7b42400128cec9f3e61d00e524160b0
Poland_Gdynia_2021_Karwiny__large.pb	Poland/Gdynia/Karwiny | large	2021	44317	b0b8d4ae7ac41ee7257f6b750c67fbcee1d65a7bf3a9216edc42ba8a4cf98743
Poland_Gdynia_2021_Leszczynki__large.pb	Poland/Gdynia/Leszczynki | large	2021	29597	03f2c8401924b7b7de96da77655b7440a95cf3688c9423e29da3ad0bb9b7e119
Poland_Gdynia_2021_Maly_Kack__large.pb	Poland/Gdynia/Mały Kack | large	2021	92690	5a1208fae832d90c034d8ae1ec121909e6b13392a64693356e77c5951a6db243
Poland_Gdynia_2021_Maly_Kack__small.pb	Poland/Gdynia/Mały Kack | small	2021	92024	a4c4b6f5118d80ca2f8d9ac2a382e517daf60d36e41c6eecdbe50c4fd45cd23c
Poland_Gdynia_2021_Obluze__large.pb	Poland/Gdynia/Obłuże | large	2021	70763	a8b3b5d373946f1e3273dae244755235d331b503abc133c949334e9b5cb6b265
Poland_Gdynia_2021_Oksywie__large.pb	Poland/Gdynia/Oksywie | large	2021	36308	c5f91c17de989fc839ae4cecccf94ac8178090528349e5ebd76f49936a790400
Poland_Gdynia_2021_Orlowo__large.pb	Poland/Gdynia/Orłowo | large	2021	18122	68f7cea42a78ed086b0eaced1405f6d303594bf6080073ba9a6d1b66b8820b38
Poland_Gdynia_2021_Pogorze__large.pb	Poland/Gdynia/Pogórze | large	2021	37379	5bd79aaf582d206ad0313003eb8b31f1c06386268a39ddad21448c845ddd0aaa
Poland_Gdynia_2021_Pustki_Cisowskie-Demptowo__large.pb	Poland/Gdynia/Pustki Cisowskie-Demptowo | large	2021	44016	3118d6a6fb87eabd670b88f93d3ecdea76f251e32dfc400edf1cd197203d69a4
Poland_Gdynia_2021_Redlowo__large.pb	Poland/Gdynia/Redłowo | large	2021	32184	03d2e9780f0e0503dbdecdf773b8a0cab1304a368fa5e57e3857bf6e14f7106d
Poland_Gdynia_2021_Srodmiescie__large.pb	Poland/Gdynia/Śródmieście | large	2021	43110	cc65462fb77bcc9a7cb1245cd3618cc946002f16376fd28094b2341fd2370a12
Poland_Gdynia_2021_Wielki_Kack__large.pb	Poland/Gdynia/Wielki Kack | large	2021	40356	5cb525014356f77a48b8d55e9bbbfcf51b2351b7c8876cb024d80f2528c3364a
Poland_Gdynia_2021_Witomino__large.pb	Poland/Gdynia/Witomino | large	2021	74970	78e560ee38c386736687d0677b81114e0558666a93a2c4ac834aa722a88d11af
Poland_Gdynia_2021_Wzgorze_Sw._Maksymiliana__large.pb	Poland/Gdynia/Wzgórze Św. Maksymiliana | large	2021	32396	058d4a16dcc3c76c8bd36d829b6b9339b250de1d471511396f8c66ec550d596b
Poland_Gdynia_2022_Babie_Doly__large.pb	Poland/Gdynia/Babie Doły | large	2022	6226	3f0030fb84046703a2958ce1f7660272d30ea6efeda199885fd5da77a51cfd60
Poland_Gdynia_2022_Chwarzno-Wiczlino__large.pb	Poland/Gdynia/Chwarzno-Wiczlino | large	2022	151153	3cacf4b23e174afc0818b9add55ce6e2496f1affb7573428898e7f1ae9ddb239
Poland_Gdynia_2022_Chylonia__large.pb	Poland/Gdynia/Chylonia | large	2022	94666	62a23c89e8c47a7a18322218efff862f9b412a367d8ab26881c8c402939e5c10
Poland_Gdynia_2022_Cisowa__large.pb	Poland/Gdynia/Cisowa | large	2022	31230	796b46467999c13338814e25151e851007e8ba5d8e8d6b5257ba72e391c23940
Poland_Gdynia_2022_Dabrowa__large.pb	Poland/Gdynia/Dąbrowa | large	2022	81019	ea04e5ec3ddcd53108c2cacf80332de51dd63198d04782aed4be92a7dfa3abd1
Poland_Gdynia_2022_Dzialki_Lesne__large.pb	Poland/Gdynia/Działki Leśne | large	2022	41469	7d15c79083761760f035fccde396fb902a1d786f73bb95429019a10dcc3d9aa7
Poland_Gdynia_2022_Dzialki_Lesne__small.pb	Poland/Gdynia/Działki Leśne | small	2022	38327	088ecfd134bd6782d4caf66e1363f3369e1a1d75abdf558ec2fd9d1a22d663fc
Poland_Gdynia_2022_Grabowek__large.pb	Poland/Gdynia/Grabówek | large	2022	21085	a3b2c8a6292a872d7693be74cb9adceca41a75b7d68271351ade4d592af19a08
Poland_Gdynia_2022_Green_Budget.pb	Poland/Gdynia/Green Budget	2022	1031228	d1309ea7ce850496b7a09925c402eb67568625516efc6660369e7bb235752525
Poland_Gdynia_2022_Kamienna_Gora__large.pb	Poland/Gdynia/Kamienna Góra | large	2022	3368	3d21934594155641a749ddec4990d24ee32895d51fee55bbffc5a88ee4c122da
Poland_Gdynia_2022_Karwiny__large.pb	Poland/Gdynia/Karwiny | large	2022	37344	cc95828ebfc43af6d3c1283865e484431fe39b6eab725f0ef85ff0a51b29c045
Poland_Gdynia_2022_Leszczynki__large.pb	Poland/Gdynia/Leszczynki | large	2022	17183	6ddd568540f7ab581a4c63ea39112d581942e35d1961386250f83c871e4d6b13
Poland_Gdynia_2022_Maly_Kack__large.pb	Poland/Gdynia/Mały Kack | large	2022	33805	506e2c4321aeb833e92c0561511cd2a231b269a587eabdc38c8f5c2ff9f5529f
Poland_Gdynia_2022_Obluze__large.pb	Poland/Gdynia/Obłuże | large	2022	41744	a0393e4a2517a174f55bb03a5de49d56575f97ebb52cba5521a9023f47920144
Poland_Gdynia_2022_Oksywie__large.pb	Poland/Gdynia/Oksywie | large	2022	29343	f2009bdf886900b74dbaf7cfabe78f6cecaec46f68044ab1df8729f31fec39e2
Poland_Gdynia_2022_Orlowo__large.pb	Poland/Gdynia/Orłowo | large	2022	32490	a1bc94a8ee2d773d312958009fbcd7fc48fcd7e253dab2128d5032a22f5d4e7f
Poland_Gdynia_2022_Pogorze__large.pb	Poland/Gdynia/Pogórze | large	2022	15595	3bb5e0b8c9ee6ca7af7d03eef6a6479f96e48842376d8c45380892e9ba2e4f2c
Poland_Gdynia_2022_Pustki_Cisowskie-Demptowo__large.pb	Poland/Gdynia/Pustki Cisowskie-Demptowo | large	2022	44436	aa0199d17dcbdd8a77a7d65f2c84e82dde41e55201eac859aa2a307aecd725a5
Poland_Gdynia_2022_Redlowo__large.pb	Poland/Gdynia/Redłowo | large	2022	30457	02f1cb10dffbc148d0fe954d6090092d4174927673714801e3af46f186708e38
Poland_Gdynia_2022_Srodmiescie__large.pb	Poland/Gdynia/Śródmieście | large	2022	44439	27a17ea5e02bdaadb6145cdafcfdc313ec3d133815f0fc5a4ec173bc3e377905
Poland_Gdynia_2022_Wielki_Kack__large.pb	Poland/Gdynia/Wielki Kack | large	2022	73507	c443828eab7bc76f68ee5bb923aca95b4ba7d601e6f1224da94e833441381c1d
Poland_Gdynia_2022_Wielki_Kack__small.pb	Poland/Gdynia/Wielki Kack | small	2022	85100	f0b8610d7ae6192b17e6d9248a59d0b93727e75ab61bda099762afcccabd0128
Poland_Gdynia_2022_Witomino__large.pb	Poland/Gdynia/Witomino | large	2022	38942	dca20595ebba75fa3a30adaa2996290e03257088ebb3e95848e5faa0d295481e
Poland_Gdynia_2022_Wzgorze_Sw._Maksymiliana__large.pb	Poland/Gdynia/Wzgórze Św. Maksymiliana | large	2022	49887	c33a8311b336e1f68f44886ef858d83f63d0904d1724b791cec31c2391347074
Poland_Gdynia_2023_Babie_Doly__large.pb	Poland/Gdynia/Babie Doły | large	2023	27117	b42d9242133e74c30b16a95f1a4ab32b88889e388fb594f65dc709d942b76729
Poland_Gdynia_2023_Chwarzno-Wiczlino__large.pb	Poland/Gdynia/Chwarzno-Wiczlino | large	2023	203850	a32fdbdeec9704be4ad51c662bfa6fc68880470b7de9437de1779c19cd4ad7d3
Poland_Gdynia_2023_Chylonia__large.pb	Poland/Gdynia/Chylonia | large	2023	91115	df9cc9e9a1032df4b17259dfd66106adaf25409082de1c6122b9c083c7705757
Poland_Gdynia_2023_Cisowa__large.pb	Poland/Gdynia/Cisowa | large	2023	45024	f482426b8b40e05426d4f592c6e3bf460f995694cab5728d917add76adbb07ea
Poland_Gdynia_2023_Dabrowa__large.pb	Poland/Gdynia/Dąbrowa | large	2023	42010	508f24fb40ff7bb47456501ef0699f2934050a8060279d4d02e3192a6d1eb1a3
Poland_Gdynia_2023_Dzialki_Lesne__large.pb	Poland/Gdynia/Działki Leśne | large	2023	26385	4175891b7b6d4af64ba2838a83c36b739d7a32c948597959ea93f2c98e464900
Poland_Gdynia_2023_Grabowek__large.pb	Poland/Gdynia/Grabówek | large	2023	46501	3d040421e0bee566c37f5f16480cd37523a1d99a946c0b3a3220499660a40ad8
Poland_Gdynia_2023_Green_Budget.pb	Poland/Gdynia/Green Budget	2023	1248429	5c2310428ea95a31cd5f6e7702e7460fab7568eed8d1e9c238aafd2ca14f302b
Poland_Gdynia_2023_Kamienna_Gora__large.pb	Poland/Gdynia/Kamienna Góra | large	2023	5722	490c89d3c5e73e8afa335eadcfbfccd7ca2955752a8137aee0322bd58b054d8b
Poland_Gdynia_2023_Karwiny__large.pb	Poland/Gdynia/Karwiny | large	2023	25405	859648d39958876bee16ca0ba0062e057492eb0a4c6b23a15ba328eca02ee8b9
Poland_Gdynia_2023_Leszczynki__large.pb	Poland/Gdynia/Leszczynki | large	2023	29522	2dbbc3dfbff73b4ed61d6483c79c609103ddee4d625fc2f1ab79b6906d2d0528
Poland_Gdynia_2023_Maly_Kack__large.pb	Poland/Gdynia/Mały Kack | large	2023	57751	a2362a1ac2dbb6bb1c1f9eca3c8c7df552e7734a3909f8703b415e5fcccdcd06
Poland_Gdynia_2023_Obluze__large.pb	Poland/Gdynia/Obłuże | large	2023	93357	f4ed15796a31428faaa62d36e0517fa9c9f4e28a269fa8c6bb071a63bda2f93d
Poland_Gdynia_2023_Oksywie__large.pb	Poland/Gdynia/Oksywie | large	2023	29384	81cf763582c26cb0a5483607fca107c8200b7e20ea4b9ecb69bb9a2689d928eb
Poland_Gdynia_2023_Orlowo__large.pb	Poland/Gdynia/Orłowo | large	2023	24562	8d9e6eaad9bab2f40e113460766d2e6f85d3cf26e0035dbdf28414fcb54cb2ca
Poland_Gdynia_2023_Pogorze__large.pb	Poland/Gdynia/Pogórze | large	2023	31798	a018f2f2ab09f5245a0a8ffa9a7c3ad2ca9a3e0febd54b3c34ebe3d5f2096b13
Poland_Gdynia_2023_Pustki_Cisowskie-Demptowo__large.pb	Poland/Gdynia/Pustki Cisowskie-Demptowo | large	2023	40275	23edb98c06b94a293db5008e5dd75f75259362f822c3e9fbeb28d06d07e3b24a
Poland_Gdynia_2023_Redlowo__large.pb	Poland/Gdynia/Redłowo | large	2023	46298	1d3cdd66b5f094a75c4b7fec8ec01e0c721893bc6f454acfbc8ec360f0d74c61
Poland_Gdynia_2023_Srodmiescie__large.pb	Poland/Gdynia/Śródmieście | large	2023	29351	14ce0c9e74108e150a7745e336539d38f3dcf29316495cf9d68e67ce999042af
Poland_Gdynia_2023_Wielki_Kack__large.pb	Poland/Gdynia/Wielki Kack | large	2023	46309	12b1323781c152de04ff1bd0447062fa5ebbc88f969829bb796a9097f6511956
Poland_Gdynia_2023_Witomino__large.pb	Poland/Gdynia/Witomino | large	2023	58800	14a1deb796659688dad6b1d6d8440d4c4b8d14989b4ed671b19fea6d85f0c7b2
Poland_Gdynia_2023_Wzgorze_Sw._Maksymiliana__large.pb	Poland/Gdynia/Wzgórze Św. Maksymiliana | large	2023	63460	792ad9614bbd2163db481ee153a342946d0773a8802a9094be39654f06c9aae2
Poland_Gdynia_2023_Wzgorze_Sw._Maksymiliana__small.pb	Poland/Gdynia/Wzgórze Św. Maksymiliana | small	2023	69712	2deee727f2ca6a2baf701aa5f9f0546eb50b09ef6eda79cd269d45946df6e572
Poland_Gdynia_2024_Babie_Doly__large.pb	Poland/Gdynia/Babie Doły | large	2024	23202	117baca4c0646e2ed07765d2c87ca07593e385f9d16ebed53cd987d3180415ab
Poland_Gdynia_2024_Babie_Doly__small.pb	Poland/Gdynia/Babie Doły | small	2024	20765	38caacf0c285124e410135394db3a4b9273337ee2618894e38fda0834402356b
Poland_Gdynia_2024_Chwarzno-Wiczlino__large.pb	Poland/Gdynia/Chwarzno-Wiczlino | large	2024	125043	adc89c5816f5aefd6bac11af23744c82e00685bad57eae6c6f80c66b31463093
Poland_Gdynia_2024_Chylonia__large.pb	Poland/Gdynia/Chylonia | large	2024	59309	5a5ce52df078d63d1ac68cdbb0096b1d083c7fad6de740f6142597f485921a1d
Poland_Gdynia_2024_Cisowa__large.pb	Poland/Gdynia/Cisowa | large	2024	32448	ff030777b27fbb071e7d2076b8f93009ae6b70ff3dd2e22b12b943d0007cf8c8
Poland_Gdynia_2024_Dabrowa__large.pb	Poland/Gdynia/Dąbrowa | large	2024	56968	4feb427cdc145880b71c59e167c640705c2d7cb3b6ad2f8ee478895f8a3e853d
Poland_Gdynia_2024_Grabowek__large.pb	Poland/Gdynia/Grabówek | large	2024	29315	9569874c7a44fc8ed8932e0cfc7c41713b6dc415ddc0446af815ea6871ab1790
Poland_Gdynia_2024_Green_Budget.pb	Poland/Gdynia/Green Budget	2024	1099941	cb744132a62e34a6d33da173663bb86b584969e36a1168b68d2d5838747490a2
Poland_Gdynia_2024_Kamienna_Gora__large.pb	Poland/Gdynia/Kamienna Góra | large	2024	26903	7e728cec44f83153b6994c1d7e1ccd306bfa34d3698cfa8773ff9a4bafa14fb4
Poland_Gdynia_2024_Kamienna_Gora__small.pb	Poland/Gdynia/Kamienna Góra | small	2024	33293	bfccef4fd8900b9669e28f0b7fc26bb823a020ed798b1195f26e2277dde32a1a
Poland_Gdynia_2024_Karwiny__large.pb	Poland/Gdynia/Karwiny | large	2024	34486	b3260e089a23ff0a2233fccbc1931f918601a61b70a0b8b259d621f9bfca75d0
Poland_Gdynia_2024_Leszczynki__large.pb	Poland/Gdynia/Leszczynki | large	2024	17323	a0cd833745d86ca495d81efaa5ddbf31facf76feb5619b8793e356cf1e83f6de
Poland_Gdynia_2024_Maly_Kack__large.pb	Poland/Gdynia/Mały Kack | large	2024	89734	61e210c1377bee97fa42e71841878d669373e6ad142635d90983b84d9e674c8b
Poland_Gdynia_2024_Obluze__large.pb	Poland/Gdynia/Obłuże | large	2024	52137	83c2f4fde97a50d6546f9ce7789a2b22d56a908bbf6d7061f08b673c8bf4e267
Poland_Gdynia_2024_Oksywie__large.pb	Poland/Gdynia/Oksywie | large	2024	58159	c20a8d31c761e721d95122710d9dfca4839d3209f4f0a48eedb4a296d23e729d
Poland_Gdynia_2024_Orlowo__large.pb	Poland/Gdynia/Orłowo | large	2024	17336	aaf3bc2e343c62cc608a58cfb79f090d33557d29a400c34bb4c33ac806548750
Poland_Gdynia_2024_Pogorze__large.pb	Poland/Gdynia/Pogórze | large	2024	33059	2b12c9f844e8d37ef8cdb4a37c9f8e22ffed6dff2e41b8ea9477f830d6755b7e
Poland_Gdynia_2024_Pustki_Cisowskie-Demptowo__large.pb	Poland/Gdynia/Pustki Cisowskie-Demptowo | large	2024	45996	e7cba8d68a69a03bbd95195ea4d6cdce560664b2b3a6aaff96320cd8d21e225d
Poland_Gdynia_2024_Redlowo__large.pb	Poland/Gdynia/Redłowo | large	2024	20645	f89bcaa898894ab44b95c97524ade074a2f440bd23406f1e155680ca7ffcdb8a
Poland_Gdynia_2024_Srodmiescie__large.pb	Poland/Gdynia/Śródmieście | large	2024	37417	85d3a31cbb445d22df2e78047c1677ee4d1892d65272221e57f05050fc6cab5f
Poland_Gdynia_2024_Wielki_Kack__large.pb	Poland/Gdynia/Wielki Kack | large	2024	108193	1f79d721e6417d968792354afe6ed6b518ab42cc6881a526a7e4dce7984e9742
Poland_Gdynia_2024_Witomino__large.pb	Poland/Gdynia/Witomino | large	2024	44321	45370c110ed34c80218886cf3dca1dfb222610d21c54bcaa75b8aa84ec1f6616
Poland_Gdynia_2024_Wzgorze_Sw._Maksymiliana__large.pb	Poland/Gdynia/Wzgórze Św. Maksymiliana | large	2024	22212	b9e8a3077a64d034b5e42884e760f54a1488ec5ef1ad523cf99b1479b57cfe85
Poland_Gdynia_2025_Babie_Doly__large.pb	Poland/Gdynia/Babie Doły | large	2025	14425	6297d0c6722a4dcb2e6d0c7bc2b3cca1c9841ee867b7e272bb83961492ea0c27
Poland_Gdynia_2025_Babie_Doly__small.pb	Poland/Gdynia/Babie Doły | small	2025	16958	ca978b0f3c157aa793b29afe1a09d82c7289da57f46b3b10334217fe5b3f4dc4
Poland_Gdynia_2025_Chwarzno-Wiczlino__large.pb	Poland/Gdynia/Chwarzno-Wiczlino | large	2025	129058	93ed65c48569175b78dbde6a2f271828a18da9171dd18ca27696ab786b048ab8
Poland_Gdynia_2025_Chylonia__large.pb	Poland/Gdynia/Chylonia | large	2025	62364	dac237fb67759d4a5d6d6f1f17d322219dff9541a17b34fd2e53d9d14cd937d7
Poland_Gdynia_2025_Cisowa__large.pb	Poland/Gdynia/Cisowa | large	2025	40518	ff9484d6a7758a56afb46a90f40126a7bf22f548235c4717ccd2e7df64baa7ad
Poland_Gdynia_2025_Dabrowa__large.pb	Poland/Gdynia/Dąbrowa | large	2025	42806	22498ada622b72a417edd1098fa431356c5d244fa22f3d87b70b53a2d5fde2a3
Poland_Gdynia_2025_Grabowek__large.pb	Poland/Gdynia/Grabówek | large	2025	14790	e1b9346e5da67535612102f775f642cef28bdde23e4fc44bc0f2c7b26c56e6cf
Poland_Gdynia_2025_Green_Budget.pb	Poland/Gdynia/Green Budget	2025	854474	a62549b2517551d900cf25c9cba7e683af2f201ba65e15c175cd15fd34f9aad6
Poland_Gdynia_2025_Kamienna_Gora__large.pb	Poland/Gdynia/Kamienna Góra | large	2025	7824	d1f65e81b7b4e55e01db58173afe3a363e2f020477d6d5957a3331d9ec293188
Poland_Gdynia_2025_Karwiny__large.pb	Poland/Gdynia/Karwiny | large	2025	13435	4258b40a8bd93931fe6b7fbe555fd61df445c5e002db53a90a5a4099a9348a79
Poland_Gdynia_2025_Leszczynki__large.pb	Poland/Gdynia/Leszczynki | large	2025	12793	2e659bc813b1fa4930e729d0549d6b14fa70eeb8cd6598704a1ff5b32ada7e14
Poland_Gdynia_2025_Maly_Kack__large.pb	Poland/Gdynia/Mały Kack | large	2025	87236	1d2edd030d7f66475fd59c916072c8685a720995a74dbb0de8dc38221786b55c
Poland_Gdynia_2025_Obluze__large.pb	Poland/Gdynia/Obłuże | large	2025	33211	fd78afffd88bcf1fc5cdf8e72ce0343c1a5f60d77ac9d81dd1fba7e5ab3b1f1d
Poland_Gdynia_2025_Oksywie__large.pb	Poland/Gdynia/Oksywie | large	2025	26576	69bccd950792ae9c806800025eea4c11bde9b9126f58514859cccf167cfa9e2b
Poland_Gdynia_2025_Orlowo__large.pb	Poland/Gdynia/Orłowo | large	2025	7822	d3660cc36ceba6c83bff3024faf96cd68efab7a85f6032190a7af15c3a20865f
Poland_Gdynia_2025_Pogorze__large.pb	Poland/Gdynia/Pogórze | large	2025	16928	a9cb6e0f4e8635ac1273bb80750cb86d7f02c00df3246abfbfbdcc64c2fa6caa
Poland_Gdynia_2025_Pustki_Cisowskie-Demptowo__large.pb	Poland/Gdynia/Pustki Cisowskie-Demptowo | large	2025	62309	51791a05e4b59f32845256ecee7c40d1e24bdb2df083c8ea072d5a4a1d3685ed
Poland_Gdynia_2025_Redlowo__large.pb	Poland/Gdynia/Redłowo | large	2025	26680	b4d5712f40ffa4c26e38d61732a3b0aebf42871da34e734736c3db1dc64739d8
Poland_Gdynia_2025_Srodmiescie__large.pb	Poland/Gdynia/Śródmieście | large	2025	35524	528da68ddbefc739822d87033fa0ae75d052bd55da1171715b2fce44ef48b232
Poland_Gdynia_2025_Wielki_Kack__large.pb	Poland/Gdynia/Wielki Kack | large	2025	116056	2b98adde8421bbd1472bbb10a7d5f06b947e27ce4dbece36abadf99f019638f8
Poland_Gdynia_2025_Witomino__large.pb	Poland/Gdynia/Witomino | large	2025	65534	b9417bfac3bb9986aa5eda3e24a8bfb31fda4be6b8c43caa84a8c80a2e747785
Poland_Gdynia_2025_Wzgorze_Sw._Maksymiliana__large.pb	Poland/Gdynia/Wzgórze Św. Maksymiliana | large	2025	19989	2303b2e1036c5e8b0b333edb436f6b5db8f524a71cc19d16d76c8c7fb920147d
Poland_Lodz_2022_Andrzejow.pb	Poland/Łódź/Andrzejów	2022	43100	41f28b62de0abbb0efd40d230e678df3a71a676c5d918a80e49c0028c06807f7
Poland_Lodz_2022_Baluty-Centrum.pb	Poland/Łódź/Bałuty-Centrum	2022	157147	d3f3057d2c90a4a13e81ed9f9511cef3c41dbe8cfdb37a3e615a1ae8bd69e86b
Poland_Lodz_2022_Baluty-Doly.pb	Poland/Łódź/Bałuty-Doły	2022	178222	21b88806788096d1db2252fbd23d9c993ba39ea277e07c0465ca612d683e15aa
Poland_Lodz_2022_Baluty_Zachodnie.pb	Poland/Łódź/Bałuty Zachodnie	2022	502085	5f8744af3ecadf27cdeb004ed8c9c148e65c947d9172e7573fc559468dc55691
Poland_Lodz_2022_Chojny-Dabrowa.pb	Poland/Łódź/Chojny-Dąbrowa	2022	193361	34b8409cf037fadfb893584a98d50437d7c20dac4cd64482f708ea5734a25aa0
Poland_Lodz_2022_Chojny.pb	Poland/Łódź/Chojny	2022	148888	7a482fba8cf54b90da578fe67240be3fc671de78ea45736c22dce1ee29f80248
Poland_Lodz_2022_Dolina_Lodki.pb	Poland/Łódź/Dolina Łódki	2022	64949	356bc8984969e5f103ee6132fcc5c44ac0d388ceff2ade206a94a0d72e810c9c
Poland_Lodz_2022_Gorniak.pb	Poland/Łódź/Górniak	2022	57466	28b497a39af33f26d6262b9074e971d913f96bd1287287dbf641e0efd6611ceb
Poland_Lodz_2022_Im._Jozefa_Montwilla-Mireckiego.pb	Poland/Łódź/Im. Józefa Montwiłła-Mireckiego	2022	27373	951ee7d42abed1696ed39eb28c51a83d52300a9af9368e4c4d804d0156c8f59b
Poland_Lodz_2022_Julianow-Marysin-Rogi.pb	Poland/Łódź/Julianów-Marysin-Rogi	2022	123169	e667f68b49b8c3599238f75a6170595eabd18cbc0684d32f694c5556f0308f2e
Poland_Lodz_2022_Karolew-Retkinia_Wschod.pb	Poland/Łódź/Karolew-Retkinia Wschód	2022	210684	d447cd9e0303bbf1c0cf2edec2ff47994577a88ca459400a1f3bea3d189ac818
Poland_Lodz_2022_Katedralna.pb	Poland/Łódź/Katedralna	2022	76471	687ad7afa98f4f5a22a5672b03ab0cda8887a7d02bb1c6a4c447e598768323df
Poland_Lodz_2022_Koziny.pb	Poland/Łódź/Koziny	2022	85856	13e492c21a680b51c99bdf8c705a9671a2145247cf63ed99c45acaaa423897e8
Poland_Lodz_2022_Lagiewniki.pb	Poland/Łódź/Łagiewniki	2022	34151	d71995bff626466ac6f237576acf11593b9910cd0473e40a188638f94ce26a18
Poland_Lodz_2022_Lublinek-Pienista.pb	Poland/Łódź/Lublinek-Pienista	2022	72525	aa2ba82827bdac9349ca7d834895efacb4206117d78fbd0faef435b0c7e3bb03
Poland_Lodz_2022_Mileszki.pb	Poland/Łódź/Mileszki	2022	23256	91d26372dfe7113c9596cd192a314ca59c682d94447bec441a88a0730f849a83
Poland_Lodz_2022_Nad_Nerem.pb	Poland/Łódź/Nad Nerem	2022	14083	3cd4bd416dfe5787842bb80b65ecbeb544460e79e883ffa3f9b5e0ef3c004b7d
Poland_Lodz_2022_Nowosolna.pb	Poland/Łódź/Nowosolna	2022	27000	dbe89877e6d043c7fad480da2930fb1727b1e5c20f60535a26338537f3b51242
Poland_Lodz_2022_Nr_33.pb	Poland/Łódź/Nr 33	2022	20532	30dff8ef919dc04e7d98e95c5ed99e843c605a5852cf03ee23471032226e417b
Poland_Lodz_2022_Olechow-Janow.pb	Poland/Łódź/Olechów-Janów	2022	128836	d97ab4137b6a95d31945110bd1f8c0ee87aa4eba0406a1193961a605f494e97a
Poland_Lodz_2022_Piastow-Kurak.pb	Poland/Łódź/Piastów-Kurak	2022	103025	638e2eac0b64c6b0de862cd5e9bf309db67545b3f9789fc6c53fd048665abb4b
Poland_Lodz_2022_Radogoszcz.pb	Poland/Łódź/Radogoszcz	2022	178869	e6821dbc1c83440a25ec2b3be1604164f905c27b93a02bdd7af4196385ee2dba
Poland_Lodz_2022_Retkinia_Zachod-Smulsko.pb	Poland/Łódź/Retkinia Zachód-Smulsko	2022	108764	138c5ff7c07d63d0f17ee3c05eec6ce55c49a62d7314eaeb925de73349bd8de2
Poland_Lodz_2022_Rokicie.pb	Poland/Łódź/Rokicie	2022	81485	7e707d15a84cd7118d3a31d9ede23c9471d092d22ee275f8a1b5335ec3dd6a63
Poland_Lodz_2022_Ruda.pb	Poland/Łódź/Ruda	2022	85416	7a85f1165aa01e3fc1467448525127819e837d5efafba0040d4631127538540c
Poland_Lodz_2022_Srodmiescie-Wschod.pb	Poland/Łódź/Śródmieście-Wschód	2022	99861	7aaae293f80b0bb64ef2223b51b9fb81a39a68d98e8e4d6edb4b847348c22369
Poland_Lodz_2022_Stare_Polesie.pb	Poland/Łódź/Stare Polesie	2022	120631	f6ddf7cbd20785c10cb24881ee95d7533a45416b0d72dd4986aea66dc66730ce
Poland_Lodz_2022_Stary_Widzew.pb	Poland/Łódź/Stary Widzew	2022	112431	7f9ba9741c304580c7577e6c3b25e39bf5604d683feed090e8c7a98c0d59bb65
Poland_Lodz_2022_Stoki-Sikawa-Podgorze.pb	Poland/Łódź/Stoki-Sikawa-Podgórze	2022	79355	3d1852a95b7568f0244f5c7810d4cda57e679dbb2e55a2be60a61f9e6b48f81b
Poland_Lodz_2022_Teofilow-Wielkopolska.pb	Poland/Łódź/Teofilów-Wielkopolska	2022	756268	552c49d54d13744ca60cdcf3c978a8acb33186c688b75e9d95aad4b1ba742259
Poland_Lodz_2022_Widzew-Wschod.pb	Poland/Łódź/Widzew-Wschód	2022	146595	1ebb54ab9dc2199b2c6c0809d9cbac8a6f7966ba1710de886f4ef60751c03238
Poland_Lodz_2022_Wiskitno.pb	Poland/Łódź/Wiskitno	2022	36318	1cc8757f6f5fe5448d5857b69e88c96dcc5d70f29814d99862a5124452df2be8
Poland_Lodz_2022_Wzniesien_Lodzkich.pb	Poland/Łódź/Wzniesień Łódzkich	2022	25450	cad310814f149e6908d317f249d003a760a794bf3614c0f8630e7e057d70a055
Poland_Lodz_2022_Zarzew.pb	Poland/Łódź/Zarzew	2022	104011	823a99d22409f78ceb82034d5cc6183c4b9ad6b42e61194a50b2f579d3b9e1e0
Poland_Lodz_2022_Zdrowie-Mania.pb	Poland/Łódź/Zdrowie-Mania	2022	19600	3f8c8ed28d165337e7977de82474d189d016524370759c45310aacdea7f1eee1
Poland_Lodz_2022_Zlotno.pb	Poland/Łódź/Złotno	2022	135615	7540154a6dfcf064fc06b413335d9ce1b7155fbd51a94cd4964717aef13ac07f
Poland_Lodz_2023.pb	Poland/Łódź/CITYWIDE	2023	3133877	c8a56f93aff01bc00de63b67b41e4499e34dbe167c0389e25870daa7a2a555f7
Poland_Lodz_2023_Andrzejow.pb	Poland/Łódź/Andrzejów	2023	42264	0a4b4243a9e24002ff1d58ad513967ee235d4835202ac79451e4c1a8f35d6484
Poland_Lodz_2023_Baluty-Centrum.pb	Poland/Łódź/Bałuty-Centrum	2023	238047	110f14859a32bb85318847b2156a23c096d865418c929857a75613c34b06b6d5
Poland_Lodz_2023_Baluty-Doly.pb	Poland/Łódź/Bałuty-Doły	2023	193496	f80ee41c5ad3a3550b33f40bf539fe825ed22198b6b6d34e50e803a4bbb7fbb5
Poland_Lodz_2023_Baluty_Zachodnie.pb	Poland/Łódź/Bałuty Zachodnie	2023	120681	9f11c2f1b3f00994e91b01c95ba0338b738ecf3bb5ebb3b475b8a5f5646f8761
Poland_Lodz_2023_Chojny-Dabrowa.pb	Poland/Łódź/Chojny-Dąbrowa	2023	248658	5357e69b1863db930ea6921f197efce95a6e0442d108f6af3ba68836628488ba
Poland_Lodz_2023_Chojny.pb	Poland/Łódź/Chojny	2023	176127	86995af64bc645761b86cd81778c61776232a1fb0f232b4a3d46f1f29e4fef04
Poland_Lodz_2023_Dolina_Lodki.pb	Poland/Łódź/Dolina Łódki	2023	64669	c5c51487e31a40a3d2d76e7333dbd2035da188457799c3cab13f501509f6131e
Poland_Lodz_2023_Gorniak.pb	Poland/Łódź/Górniak	2023	50756	b8de64f4dfbca3083d04c1db6c46e6dbc1ad4de5e04d2571ae5ecc4d438d631a
Poland_Lodz_2023_Im._Jozefa_Montwilla-Mireckiego.pb	Poland/Łódź/Im. Józefa Montwiłła-Mireckiego	2023	21669	cbffb6e08dcb85fbe0fb05d6ffcc92e7336a8a3afede17d5d9cd3f7a1d77c30f
Poland_Lodz_2023_Julianow-Marysin-Rogi.pb	Poland/Łódź/Julianów-Marysin-Rogi	2023	110174	206c45a7fceb1caa37470aa69ca097069aa6a9ac0bae414d26b29f07554504f1
Poland_Lodz_2023_Karolew-Retkinia_Wschod.pb	Poland/Łódź/Karolew-Retkinia Wschód	2023	224731	5a53d386163dd49e887b329460a7ad647cb409b00e7cd7c572b3bb4b02b0cec9
Poland_Lodz_2023_Katedralna.pb	Poland/Łódź/Katedralna	2023	114199	625bcef7dac1e083d425ade9061b57376101fcfe4bd865a3272d694078089503
Poland_Lodz_2023_Koziny.pb	Poland/Łódź/Koziny	2023	72320	514b884ff0284eda302d7971afceec4d381c31e7d7a41046ee286935fb168aea
Poland_Lodz_2023_Lagiewniki.pb	Poland/Łódź/Łagiewniki	2023	50290	d9e040d850419b3d224dda3a052f9c3460b2217b76f41872314cda07300c2460
Poland_Lodz_2023_Lublinek-Pienista.pb	Poland/Łódź/Lublinek-Pienista	2023	124230	ba3240eec9c89529b776d798b673e511cdf04978e3be03a188f3c9e8297b969d
Poland_Lodz_2023_Mileszki.pb	Poland/Łódź/Mileszki	2023	49687	5adc24b7fa4f353ecb71ab5fab07635b0af03f0033b7c0b656f4e1d407362eeb
Poland_Lodz_2023_Nad_Nerem.pb	Poland/Łódź/Nad Nerem	2023	19905	601719710ad7e0d982ebcaab496b1662bf0bc226c0a01e572d4419cd43c66865
Poland_Lodz_2023_Nowosolna.pb	Poland/Łódź/Nowosolna	2023	69082	f1606b914b9e8b7edc65e15d63558af2546707cdff179b4149c98d71fcd5f929
Poland_Lodz_2023_Nr_33.pb	Poland/Łódź/Nr 33	2023	35189	68a4343abaa31f405dd6ada2777f40aac0e0a28595b9dc6edb347abdd4ec53ad
Poland_Lodz_2023_Olechow-Janow.pb	Poland/Łódź/Olechów-Janów	2023	162515	8867bcecbbeb87f9dd32ec491c6d08abe5767a1f1d6d571dd5ad988f766881c4
Poland_Lodz_2023_Piastow-Kurak.pb	Poland/Łódź/Piastów-Kurak	2023	63163	eee0e433dfb6ca805ab0aa8c9b1a68cd19e84e008fb4acd018ceb5226068118d
Poland_Lodz_2023_Radogoszcz.pb	Poland/Łódź/Radogoszcz	2023	188032	ff1ae9c371d5a751ecb150ec2f73272a1554f9de8d1c0055bbdfe61f86f5e222
Poland_Lodz_2023_Retkinia_Zachod-Smulsko.pb	Poland/Łódź/Retkinia Zachód-Smulsko	2023	145929	7d3765f58eb34b306fce81054a0c9ca5c978e554e4e8ef0bf87912a02675e757
Poland_Lodz_2023_Rokicie.pb	Poland/Łódź/Rokicie	2023	103090	ccaefcdb5f9854c6bff70075cdde51ad527df62f5ec97b456afa982d47bb17e5
Poland_Lodz_2023_Ruda.pb	Poland/Łódź/Ruda	2023	81711	d2031559114f5396b6241202315a45f00d36acc970cc0917ae003674704410fa
Poland_Lodz_2023_Srodmiescie-Wschod.pb	Poland/Łódź/Śródmieście-Wschód	2023	128236	225729cef35381de30543a140fcf80577d12412f524725057d6140d60652f0cd
Poland_Lodz_2023_Stare_Polesie.pb	Poland/Łódź/Stare Polesie	2023	131766	9c7aac1a9859288bee488103ea0e09d4d16fc31e4dc5dd9ec608dd9d131dfd07
Poland_Lodz_2023_Stary_Widzew.pb	Poland/Łódź/Stary Widzew	2023	148712	865796d0ccd754527933bff0771c07b44978026dd695cf19701fb1235d393418
Poland_Lodz_2023_Stoki-Sikawa-Podgorze.pb	Poland/Łódź/Stoki-Sikawa-Podgórze	2023	122586	115d8b61e019f987591ef709a8daee0b94272a4775088b5603e824187a9d4399
Poland_Lodz_2023_Teofilow-Wielkopolska.pb	Poland/Łódź/Teofilów-Wielkopolska	2023	285401	9dbd0b6c7b25661a9d4402e5e74b9b402a55ac808532c87342aa4cc133c4b0e2
Poland_Lodz_2023_Widzew-Wschod.pb	Poland/Łódź/Widzew-Wschód	2023	218772	4f9b72741a8823b1564deb8d93bb29face5ec7cdfc90fe981473aa872471f5ef
Poland_Lodz_2023_Wiskitno.pb	Poland/Łódź/Wiskitno	2023	83581	57c329c27c5b8e0fe98239e1275af837fc90d9356ae11e2c019298d90eb455b0
Poland_Lodz_2023_Wzniesien_Lodzkich.pb	Poland/Łódź/Wzniesień Łódzkich	2023	13155	276a08470cde1f5dd7dd437ca74898f6d88976f7a045d7ef7b78de6c67a8bbae
Poland_Lodz_2023_Zarzew.pb	Poland/Łódź/Zarzew	2023	107414	41f38aea8858bf706a46fd81bed3907cc1b41dfada5737241c0669cb0a53af8d
Poland_Lodz_2023_Zdrowie-Mania.pb	Poland/Łódź/Zdrowie-Mania	2023	44660	6c5c8c7b945275f93abc7f4cfd5f0e6fd8a44d15b66f5a5b0e92c4eee0b2ba2b
Poland_Lodz_2023_Zlotno.pb	Poland/Łódź/Złotno	2023	91801	cdc9e7841465d1be8a66c46b58460ad17d4cc5573cc15f5b4fcd3233267a16a8
Poland_Lodz_2024.pb	Poland/Łódź/CITYWIDE	2024	2917902	17a17f11ca3f0f7a91175d89fb49cc009a9538e874954b528060bd22611c4be6
Poland_Lodz_2024_Andrzejow.pb	Poland/Łódź/Andrzejów	2024	82070	94ae2b7056591bfcd1da52bf1600e131cc2e95b4837a8b904ac03d9872e989a2
Poland_Lodz_2024_Baluty-Centrum.pb	Poland/Łódź/Bałuty-Centrum	2024	198760	6730a65254f4a5b0cc9a65f48f8754deeddd42230940808f115bea9fe8cb9593
Poland_Lodz_2024_Baluty-Doly.pb	Poland/Łódź/Bałuty-Doły	2024	193357	cd1244b167ae26bd92b1b2ea1c0e718d823cdee1c23f894be2698b55ba6a97dd
Poland_Lodz_2024_Baluty_Zachodnie.pb	Poland/Łódź/Bałuty Zachodnie	2024	199358	2035fa5704c4ae3660e6b593ca2b161989dca6465412eb89d2014da4f9565252
Poland_Lodz_2024_Chojny-Dabrowa.pb	Poland/Łódź/Chojny-Dąbrowa	2024	185070	a5d565a9bd788927c0e29c47cf4121cd2c5c04372bfbab7c5417fecab779d833
Poland_Lodz_2024_Chojny.pb	Poland/Łódź/Chojny	2024	189058	d37bece3fd2a8165af3f206db165c377c38e351a2413788741895dbc7b5bb524
Poland_Lodz_2024_Dolina_Lodki.pb	Poland/Łódź/Dolina Łódki	2024	38070	e9e3a16428b390c78269296f8dc8d1a7766a230e0102493e5a0f1241e260bac1
Poland_Lodz_2024_Gorniak.pb	Poland/Łódź/Górniak	2024	67504	4139bc246c2b570b4c4afb1cb0cd731547b866f170853729d343c1c5972bc632
Poland_Lodz_2024_Im._Jozefa_Montwilla-Mireckiego.pb	Poland/Łódź/Im. Józefa Montwiłła-Mireckiego	2024	36284	8062fe77e46b2157e22d49be51d0760617a6c1166fcec46552fb2a7f3651c012
Poland_Lodz_2024_Julianow-Marysin-Rogi.pb	Poland/Łódź/Julianów-Marysin-Rogi	2024	71724	ff1c0792dc4e57797153ebcf2238d2e6187adf2350456c9513d15700f16bf6f5
Poland_Lodz_2024_Karolew-Retkinia_Wschod.pb	Poland/Łódź/Karolew-Retkinia Wschód	2024	185994	fa50562744556a93f1f436c61173659ad482e11f9acef76b2e82ac05f2310a2c
Poland_Lodz_2024_Katedralna.pb	Poland/Łódź/Katedralna	2024	73122	5a29e2cc312f319a7447ee46d5113b8fa0cff06e8f31d6711e13e5e4a4b4208d
Poland_Lodz_2024_Koziny.pb	Poland/Łódź/Koziny	2024	93498	0f7fb0f424ec63b7d3e375d72ee0b0108605b5cc222e49dca8432012699b69e0
Poland_Lodz_2024_Lagiewniki.pb	Poland/Łódź/Łagiewniki	2024	56427	75a1d85c396fa60c54ac28583565c9c5f4f1210d459c097e2be5f05cbce94768
Poland_Lodz_2024_Lublinek-Pienista.pb	Poland/Łódź/Lublinek-Pienista	2024	118396	d993100884472bae2eb801765731107a709f3c1729219a767067b84b2daf7c59
Poland_Lodz_2024_Mileszki.pb	Poland/Łódź/Mileszki	2024	30268	051857deeeab80c91b0ec98beaf4bceb70dae0de98ca63e0df5d3a94606aeb34
Poland_Lodz_2024_Nad_Nerem.pb	Poland/Łódź/Nad Nerem	2024	14114	faf49ea0e745bc06f072f48148541c8326f9db5149157b919d9a8e69e2ec8635
Poland_Lodz_2024_Nowosolna.pb	Poland/Łódź/Nowosolna	2024	76759	04bae30b2d9baa4b1c9ece989b09769b9c6b2ccbf36c8c5a80b5dd78e892e7ff
Poland_Lodz_2024_Nr_33.pb	Poland/Łódź/Nr 33	2024	25149	3857a064d1ce1c6b9ee842ff90c8c9703b7df3791939ef67b3699f73f0783b5b
Poland_Lodz_2024_Olechow-Janow.pb	Poland/Łódź/Olechów-Janów	2024	174655	63c392b16fce6e3c212ad76da9fd1073b0bc97da92032d6e4cba6e30cb83abe7
Poland_Lodz_2024_Piastow-Kurak.pb	Poland/Łódź/Piastów-Kurak	2024	55150	c01d42a60eb310bab5b77b2106eb36f4874cb5ef4008692e12a6e552f3c40a17
Poland_Lodz_2024_Radogoszcz.pb	Poland/Łódź/Radogoszcz	2024	220949	ae5e438f378029256496bef6cc24c6cdba1e8da8fb0de79caf90daa8f3d4796c
Poland_Lodz_2024_Retkinia_Zachod-Smulsko.pb	Poland/Łódź/Retkinia Zachód-Smulsko	2024	138721	ac238186ba864fbea07ee884c4e1db860b6fc728ce3cc7cf4e0708c5d2fc6341
Poland_Lodz_2024_Rokicie.pb	Poland/Łódź/Rokicie	2024	79461	61bb021e03458c8d6dab220e48c438e5a3511c47a98517912c75ace0ac7d2c0f
Poland_Lodz_2024_Ruda.pb	Poland/Łódź/Ruda	2024	57599	ad64490518d8c699ded154d68d0ca23ad72d47e7235b2558817312bb24fab287
Poland_Lodz_2024_Srodmiescie-Wschod.pb	Poland/Łódź/Śródmieście-Wschód	2024	102144	f8b1b3cc7b931c6be117710c4e9d0da5855947c4ae9d90c9d4c0c1c57065572f
Poland_Lodz_2024_Stare_Polesie.pb	Poland/Łódź/Stare Polesie	2024	116483	bd8e3eb83a0a26235b475d6e1b662c0c4e49921af44b1ee1911c21da8fe8120e
Poland_Lodz_2024_Stary_Widzew.pb	Poland/Łódź/Stary Widzew	2024	112101	79cadeeea50ce91a7ba13afcda80292c260f9d19e8870800e3299cca50e575a9
Poland_Lodz_2024_Stoki-Sikawa-Podgorze.pb	Poland/Łódź/Stoki-Sikawa-Podgórze	2024	94886	c8e639760107f201ba01545905f4a38536446c4e8fdcb995fa7daa3d1bd9099a
Poland_Lodz_2024_Teofilow-Wielkopolska.pb	Poland/Łódź/Teofilów-Wielkopolska	2024	335653	29465abb297194f7ab263e76308f636fd0cd7662e9ffceb5936da73f725b3a06
Poland_Lodz_2024_Widzew-Wschod.pb	Poland/Łódź/Widzew-Wschód	2024	219214	9381f450a348e38883760c2de59d698e16d6b6392e82a5c16639693e0d68088f
Poland_Lodz_2024_Wiskitno.pb	Poland/Łódź/Wiskitno	2024	55937	88611152e2d7bbfd0a384c7126cce7a5e2dfa8bc0c27b01276999bf29313a15d
Poland_Lodz_2024_Wzniesien_Lodzkich.pb	Poland/Łódź/Wzniesień Łódzkich	2024	22451	044b5bf7f8fd2355a6a7ba4dd507b105b9b958d3f9ce919bfaa93803e6f612be
Poland_Lodz_2024_Zarzew.pb	Poland/Łódź/Zarzew	2024	101954	759bf9305c9a5945bcaaaa76c248058b0eb45c7cf7d1ff0e156442fa6fc78d0b
Poland_Lodz_2024_Zdrowie-Mania.pb	Poland/Łódź/Zdrowie-Mania	2024	31567	76846d61246012bae6e3a96c28dfc12e735e174f11605e8b5335006d116bfc5f
Poland_Lodz_2024_Zlotno.pb	Poland/Łódź/Złotno	2024	122702	b1869c602edb67d1bf5280fcb1ed43913c714204c7c4a5673535c0170eb92685
Poland_Lodz_2025.pb	Poland/Łódź/CITYWIDE	2025	2675919	5b64223e423298572e144f761d78a766caa2c9a87a76fc0af87edae8829b8641
Poland_Lodz_2025_Andrzejow.pb	Poland/Łódź/Andrzejów	2025	47422	f6975429ed1c8e94e4b0438d57bb84f6e0c6b7616b5895ca7e7b7b1e8bdb4254
Poland_Lodz_2025_Baluty-Centrum.pb	Poland/Łódź/Bałuty-Centrum	2025	161926	71d2d9b936a6e33784b1ce4118243df43bb38d8d58032bb30e2b3e65c503fa65
Poland_Lodz_2025_Baluty-Doly.pb	Poland/Łódź/Bałuty-Doły	2025	147296	b31cf5c1b28f40470326580f2337b40b287b31096d2fe5b9dd21e92769e974d5
Poland_Lodz_2025_Baluty_Zachodnie.pb	Poland/Łódź/Bałuty Zachodnie	2025	166387	e7bbc1d4a1517e9b9c1e6b6d6da9c4ca2c5c77d28635870121c7df46131c6e77
Poland_Lodz_2025_Chojny-Dabrowa.pb	Poland/Łódź/Chojny-Dąbrowa	2025	235421	d3250c29364483ead736fb4b4c79b3da23aa8e3e126d9a25965565162ca14b17
Poland_Lodz_2025_Chojny.pb	Poland/Łódź/Chojny	2025	129430	fe4f284420b78ad45dfe64b55f9097634e340ee9ae5534a8aad12ed75f1a1c01
Poland_Lodz_2025_Dolina_Lodki.pb	Poland/Łódź/Dolina Łódki	2025	69554	7de9721d1af13044d2057990af727c72a89d466994e8d4c970f0554bf2587378
Poland_Lodz_2025_Gorniak.pb	Poland/Łódź/Górniak	2025	70963	18f442dfdf3a1e04307dcf1df7b407febc3c076fc0fdf71166038099b1393f8a
Poland_Lodz_2025_Im._Jozefa_Montwilla-Mireckiego.pb	Poland/Łódź/Im. Józefa Montwiłła-Mireckiego	2025	18563	ceec5c38eae5eea04824efcf88ba16e7d53f650536acbde85d71cc9f7a7ba82b
Poland_Lodz_2025_Julianow-Marysin-Rogi.pb	Poland/Łódź/Julianów-Marysin-Rogi	2025	107328	6835775283047c76ed25cb2abb34e3e193050172742f55182abe59fdb7fa5185
Poland_Lodz_2025_Karolew-Retkinia_Wschod.pb	Poland/Łódź/Karolew-Retkinia Wschód	2025	189206	b9d99e6f004962122e5ea5df098f81d00f28d0bd3343ee68196d4cb179c585d0
Poland_Lodz_2025_Katedralna.pb	Poland/Łódź/Katedralna	2025	70320	1fdd251097eaea49755152a710ac2e64a30665fdd07db4a9c3f01efc8aaa57f2
Poland_Lodz_2025_Koziny.pb	Poland/Łódź/Koziny	2025	50566	5309a97a92b14825f5ae3f591f8175b36ff4defbad5e3ebd3fc06ad0bea1ac49
Poland_Lodz_2025_Lagiewniki.pb	Poland/Łódź/Łagiewniki	2025	68278	4486ee1fb02350efde53b70a32c93d9a4f7151276d8d90e073989a0802d5a92a
Poland_Lodz_2025_Lublinek-Pienista.pb	Poland/Łódź/Lublinek-Pienista	2025	100931	80f848a46c3f2dd38d0b24cbf4a5efa023fb5bb9c8af73ca5e2d467e4586c794
Poland_Lodz_2025_Mileszki.pb	Poland/Łódź/Mileszki	2025	33455	a1df7c5081653b67dd478000cfb32f082064b0264502b9e367531ce945108adf
Poland_Lodz_2025_Nad_Nerem.pb	Poland/Łódź/Nad Nerem	2025	14181	3a2b83225b8dc56c56d982154fdc816fc59cd97f232b891559eeece5f5d36040
Poland_Lodz_2025_Nowosolna.pb	Poland/Łódź/Nowosolna	2025	134635	0e45c8bbdad359db54f3882005cd8bf1c15f58ca70865146fae76853309043d4
Poland_Lodz_2025_Nr_33.pb	Poland/Łódź/Nr 33	2025	18675	af187c6699471756717566b7996744bf2eb4608a0059b67a9d066b3db1075265
Poland_Lodz_2025_Olechow-Janow.pb	Poland/Łódź/Olechów-Janów	2025	217279	0c3d0534021d18b8432ced5f690d8b5bb342bd0914c61dfbe5276b9dd0e3e1d5
Poland_Lodz_2025_Piastow-Kurak.pb	Poland/Łódź/Piastów-Kurak	2025	63662	e01604077f3b7177cbe3e7903c723e9a801815fe6a2eb6537f72bbff38185651
Poland_Lodz_2025_Radogoszcz.pb	Poland/Łódź/Radogoszcz	2025	231787	7abb1b0ff633e239d64870284ebf30db7426298e213e9695c197cbefa8a7f73a
Poland_Lodz_2025_Retkinia_Zachod-Smulsko.pb	Poland/Łódź/Retkinia Zachód-Smulsko	2025	153823	718c03c9e61da1253942b6321bc6f344ce9a84baa0886ca58107f555395fc8c2
Poland_Lodz_2025_Rokicie.pb	Poland/Łódź/Rokicie	2025	55702	16a646ded8d9856be2f691e3ef4396f4178239bf8f6f5f3a955338a61db95e9c
Poland_Lodz_2025_Ruda.pb	Poland/Łódź/Ruda	2025	81437	3c4dc895669cf21eba693768180f9cbac40a6de84a08f6a94448d013f33effe4
Poland_Lodz_2025_Srodmiescie-Wschod.pb	Poland/Łódź/Śródmieście-Wschód	2025	66392	73cf1fb50830d56dcb7128bd2325a82ea6d9f1800ab23b84f220e4acce5e948f
Poland_Lodz_2025_Stare_Polesie.pb	Poland/Łódź/Stare Polesie	2025	82579	d5107a3547c4ff623d9c50a89aedd015e30e1fb0b23d9a9ce4b5f23646f56ed5
Poland_Lodz_2025_Stary_Widzew.pb	Poland/Łódź/Stary Widzew	2025	127697	7b9865b93a4ba406d4a1234db7247db69ff0b461b5e412038e426956cd03a9d9
Poland_Lodz_2025_Stoki-Sikawa-Podgorze.pb	Poland/Łódź/Stoki-Sikawa-Podgórze	2025	124349	f714b458b378d389d873d69862cd725451f6bfb46f7340a63a7b0ee5f1634b20
Poland_Lodz_2025_Teofilow-Wielkopolska.pb	Poland/Łódź/Teofilów-Wielkopolska	2025	229832	3acb46a137eb50df837762a4af06a01b2a96590e505b2a63c872e0ba9486fdcc
Poland_Lodz_2025_Widzew-Wschod.pb	Poland/Łódź/Widzew-Wschód	2025	193928	17ae5ce1e409b0f7ddbbe5af81bcd69aff3ff147f9cefa9694c6e64ff7682f70
Poland_Lodz_2025_Wiskitno.pb	Poland/Łódź/Wiskitno	2025	52219	b2aefc37cd9ad09a13dd9afb2268abe8aebc39c5f4d8fd8bd3d46ecad3c23680
Poland_Lodz_2025_Wzniesien_Lodzkich.pb	Poland/Łódź/Wzniesień Łódzkich	2025	29393	7bdbaee3fc7c3b40a4abd53dc159916fe2fcf9c55f4bf148b8fb39656811670c
Poland_Lodz_2025_Zarzew.pb	Poland/Łódź/Zarzew	2025	74817	72bc005953044de650e572ed3bb86e6ca625e66045fcf27cff441d385900d2ee
Poland_Lodz_2025_Zdrowie-Mania.pb	Poland/Łódź/Zdrowie-Mania	2025	38919	73dd856f2543aaee42f584e779251531665c9b5745ff0c089815368726bd0529
Poland_Lodz_2025_Zlotno.pb	Poland/Łódź/Złotno	2025	131002	781e8aa49cec6c013a53b5bcd1e255ab6de50ccfba85d15e8c29e080ea5a4174
Poland_Lublin_2020_hard.pb	Poland/Lublin/hard	2019	333376	f9832f18434aa126ed934ed3426fa26f598cc2c4b126e9377ca5376f21534ee5
Poland_Lublin_2020_soft.pb	Poland/Lublin/soft	2019	195099	8bf77d4945376a100b9bd885ed427c32ce3292b59afb3debc612919e1acbb0ea
Poland_Warszawa_2017_Wawer.pb	Poland/Warszawa/Wawer	2016	176710	ee9fd0893cd75ac5e11a86c994941507a85d475bff6c85439af0b08c9f289ba2
Poland_Warszawa_2018_Wawer.pb	Poland/Warszawa/Wawer	2017	217933	a1e3e4daa8c3d60d91586ce4d622947783b829f9ba12e610f94dd12d1b519fa4
Poland_Warszawa_2019_Wawer.pb	Poland/Warszawa/Wawer	2018	171435	5208fdc0960727a89920d9be8938d3e98e56bd486a7ca9e9f9de104093939dee
Poland_Warszawa_2020_Bemowo.pb	Poland/Warszawa/Bemowo	2019	329780	84944aa70d76e7ea12c8ac0fd0f3709b2dd6f72c76339bfb67b124104896b6d1
Poland_Warszawa_2020_Bialoleka.pb	Poland/Warszawa/Białołęka	2019	671223	23a0ccec562c4ed325c838df10b1703d42fd3e4610c3faee91578866de41b60d
Poland_Warszawa_2020_Bielany.pb	Poland/Warszawa/Bielany	2019	485548	1f24ead7ddd020bc322cfc70fac5bfe20e90e6b60e75a50670d494201f406e09
Poland_Warszawa_2020_Mokotow.pb	Poland/Warszawa/Mokotów	2019	718180	5da8e0c137fc2831c965c2e2cde06c8fea2b9578a5dbdb914a8a8358f6ba2457
Poland_Warszawa_2020_Ochota.pb	Poland/Warszawa/Ochota	2019	308357	036d61c750c52e51bfefcda90f7f1f69f242f4176fbfdb2b4790cdde1701e912
Poland_Warszawa_2020_Praga-Polnoc.pb	Poland/Warszawa/Praga-Północ	2019	218741	160a0558dce97f25b68a2e132bddbc284f0f721f17366d312fd01a70442729e4
Poland_Warszawa_2020_Praga-Poludnie.pb	Poland/Warszawa/Praga-Południe	2019	909869	20d6a71209825d5d8d45ef96404a43ddd6d8e0761ea268d1dfbb1cdaeb670626
Poland_Warszawa_2020_Rembertow.pb	Poland/Warszawa/Rembertów	2019	97390	3a54cd47a796b903631335005b81f4083fa91f17fa65ade38111d7a8b921e4ef
Poland_Warszawa_2020_Srodmiescie.pb	Poland/Warszawa/Śródmieście	2019	184406	de522633a55fc41736b30fa4e8374d962e35c6295a34d99d460928d54f316bb4
Poland_Warszawa_2020_Targowek.pb	Poland/Warszawa/Targówek	2019	340838	6a8056042ba5103d560d2d6ece6b4a867d1ae22dfcc33f1636f359208536da99
Poland_Warszawa_2020_Ursus.pb	Poland/Warszawa/Ursus	2019	168511	f5bad4fc725341013d7b5d398eff65ab03bded481495fafdf16e73b1c0217567
Poland_Warszawa_2020_Ursynow.pb	Poland/Warszawa/Ursynów	2019	756530	4bf915b1ccdfea764a3de5166dff169f0deea1298052bf850eed17b445349504
Poland_Warszawa_2020_Wawer.pb	Poland/Warszawa/Wawer	2019	345461	91d0c151689ff5108bdb2bebe71ed8eb08246b6c83eb34c7c0ba015e230eee4b
Poland_Warszawa_2020_Wesola.pb	Poland/Warszawa/Wesoła	2019	77147	823c6b7489bd52d37d996ad6421ed8bb8eb1334575509eff50bdaaae1a31fbe3
Poland_Warszawa_2020_Wilanow.pb	Poland/Warszawa/Wilanów	2019	155278	a6a0e027b463f3b548840dd2cd2ea6613bc5850db5761bf442307896e540458b
Poland_Warszawa_2020_Wlochy.pb	Poland/Warszawa/Włochy	2019	149359	b3b7df28bbb63243268a01175fa3ea0eeb4b096d525ff07d46e0b254917b5d81
Poland_Warszawa_2020_Wola.pb	Poland/Warszawa/Wola	2019	467626	6d1b982d898cdcb1deed91ff46a1e5d6d8b664216f242d4e0139eee17db6b404
Poland_Warszawa_2020_Zoliborz.pb	Poland/Warszawa/Żoliborz	2019	189958	c4573c6c709d125f80fcc3a411d9cf0a9fd117047280bdea9ef81d92b0c56985
Poland_Warszawa_2021_Bemowo.pb	Poland/Warszawa/Bemowo	2020	389523	a7459d8c50e358efb656f46f54edf3f9dc296db46396cda7ab4e0cad0754d4f8
Poland_Warszawa_2021_Bialoleka.pb	Poland/Warszawa/Białołęka	2020	749543	6d59f6381abbb619995cff6b75012cd9f7532eb0dde54470ccee278c43f1b50e
Poland_Warszawa_2021_Bielany.pb	Poland/Warszawa/Bielany	2020	581482	b312286dda493c93eae206f3020021fb746c22df05d68811ab54f92a27f80be4
Poland_Warszawa_2021_Mokotow.pb	Poland/Warszawa/Mokotów	2020	850906	638ef9d664181738cb19e5af6e96f8d438a900d1264b5b2d4531d3c0ea656191
Poland_Warszawa_2021_Ochota.pb	Poland/Warszawa/Ochota	2020	389008	0a4d4d77d28e0173ea3c551ba707e1beab0d89862f109920c3438c986305160d
Poland_Warszawa_2021_Praga-Polnoc.pb	Poland/Warszawa/Praga-Północ	2020	213199	b13c48dd0a36081bc1d4e84cb7294835d44e3114a203274c2a2f61eba72b0b6c
Poland_Warszawa_2021_Praga-Poludnie.pb	Poland/Warszawa/Praga-Południe	2020	786520	139347ce053e182c0472485137e69792907d3562698bc9d158c7f823b42ac0ba
Poland_Warszawa_2021_Rembertow.pb	Poland/Warszawa/Rembertów	2020	119074	2ca62c7093e6648f5e1cd55e4fb24e6487781c5b595ce0be1f73bb285b3ec445
Poland_Warszawa_2021_Srodmiescie.pb	Poland/Warszawa/Śródmieście	2020	283110	39f164e6b44db355069610dd9b1d11e5b3368f093129c113267ebcdbb6da1f21
Poland_Warszawa_2021_Targowek.pb	Poland/Warszawa/Targówek	2020	375770	1462d5b1953126c177b2d6f94e25c239b3a367ce37cc3c9f59f48aa852247301
Poland_Warszawa_2021_Ursus.pb	Poland/Warszawa/Ursus	2020	273722	c019a6dcc49eb05ce354bee4d347d1ccdf8a652d6971b6cb34b6dde535599098
Poland_Warszawa_2021_Ursynow.pb	Poland/Warszawa/Ursynów	2020	700356	8a6bb14911923f4021cdfbb13b31040bdbdbededad059ed93bc138dc327f571a
Poland_Warszawa_2021_Wawer.pb	Poland/Warszawa/Wawer	2020	309988	fce272a54697b3d9581e511520a5fe5c83625f787d6768c27addb9659c62bc54
Poland_Warszawa_2021_Wesola.pb	Poland/Warszawa/Wesoła	2020	89969	5dfbeac490a5863b29ca7e4c1de9f44e980ebdb51a2a11b52e6847ea12cbadfb
Poland_Warszawa_2021_Wilanow.pb	Poland/Warszawa/Wilanów	2020	171700	a26941c02f427cecc8f1a67b4e1f13772bb99465bfb23f3392fd6805cf47a900
Poland_Warszawa_2021_Wlochy.pb	Poland/Warszawa/Włochy	2020	210013	848fd0b927bb4931d19b2fe20abe4db27fd58028f8acd3101769c42f32132f2d
Poland_Warszawa_2021_Wola.pb	Poland/Warszawa/Wola	2020	605591	6d564cdef5f09f199d6384e011e46717c71420e271b3a00f626161017dfeb24b
Poland_Warszawa_2021_Zoliborz.pb	Poland/Warszawa/Żoliborz	2020	339674	60a8f5a98d4c8907733d231dd42b227591d5e9f4ffac787b8defa4cf442740f6
Poland_Warszawa_2022_Bemowo.pb	Poland/Warszawa/Bemowo	2021	312281	b9880297cbd19882e0e95352927421f856a7a195a9b7a662ec8cd0b01070c8eb
Poland_Warszawa_2022_Bialoleka.pb	Poland/Warszawa/Białołęka	2021	490937	85feeca3e4cad15bad8ad663e6b54300abbd9e65312474d4efc3c67315a0a1fc
Poland_Warszawa_2022_Bielany.pb	Poland/Warszawa/Bielany	2021	476256	5f935dd0287ca5c95d5fae0a6961ee224d1e2b057b8f78dfa8626e498d675329
Poland_Warszawa_2022_Mokotow.pb	Poland/Warszawa/Mokotów	2021	704968	c71c70c43588c664dc79818c66008e893575fc1d09753e0482304ab6ad732180
Poland_Warszawa_2022_Ochota.pb	Poland/Warszawa/Ochota	2021	337538	b925ea95dabe395e53aa98ac950de4430f41125d387f7e4225d4b25326fa71a6
Poland_Warszawa_2022_Praga-Polnoc.pb	Poland/Warszawa/Praga-Północ	2021	195448	659e808c33d357c39cb653d2ca905ca17699f9444c03e420f77befc092f5d14c
Poland_Warszawa_2022_Praga-Poludnie.pb	Poland/Warszawa/Praga-Południe	2021	699620	e541a62b079a5e3ec27e2cf8f46ebb7a2d5bbff5da4c347f7c192c7ed6c70aed
Poland_Warszawa_2022_Rembertow.pb	Poland/Warszawa/Rembertów	2021	98530	00da767ae30c969e6e788d3650772d78d38723706b069a62ae42452d733b99ea
Poland_Warszawa_2022_Srodmiescie.pb	Poland/Warszawa/Śródmieście	2021	219767	685790bc981d030d3a692e079f7d9e080b9b2d3cd4d927b60a5d6f0280d83332
Poland_Warszawa_2022_Targowek.pb	Poland/Warszawa/Targówek	2021	327376	503c40bc41ce5f7c7177c2b861dd76f6ce7f275a8d87fc644ae37c3d93f6b23c
Poland_Warszawa_2022_Ursus.pb	Poland/Warszawa/Ursus	2021	246053	4bb9c72db1ae90530632dfd713ba2977a4b14bf8d99b6e07b471479e5c5e6574
Poland_Warszawa_2022_Ursynow.pb	Poland/Warszawa/Ursynów	2021	520385	aaf9a53e9eecb956cbf1d345541cc34b89f13060d997918e055bd7eb03f77d10
Poland_Warszawa_2022_Wawer.pb	Poland/Warszawa/Wawer	2021	329285	70835effdd79a25ebe0ef8dc41b90796fbc9dcd55e5b898e690349c22489334b
Poland_Warszawa_2022_Wesola.pb	Poland/Warszawa/Wesoła	2021	89993	980afb40bcff0aa9c675b0973dfdb80540e5eb26b94b75f8152f4cb011ea7e37
Poland_Warszawa_2022_Wilanow.pb	Poland/Warszawa/Wilanów	2021	138336	9b232139c7e7c0bd1b77384d1ded14cf72f5d9047a44bdec9fbbf0073e58734e
Poland_Warszawa_2022_Wlochy.pb	Poland/Warszawa/Włochy	2021	176529	55c7ba3137307e1c0a30148f99837ccd4106427b782d43db04935a7c4ec078e3
Poland_Warszawa_2022_Wola.pb	Poland/Warszawa/Wola	2021	599891	9054e7b28c97b18a990d75baaea5777942a7703774863944324567fbec60f61a
Poland_Warszawa_2022_Zoliborz.pb	Poland/Warszawa/Żoliborz	2021	175740	f552c744507aa0f117a917181b71217695a6f131f7ce3b0a0abcfde2b3dadb3b
Poland_Warszawa_2023_Bemowo.pb	Poland/Warszawa/Bemowo	2022	379190	e387c7d4c716434fa52d6cfd9e1d735788644b302882b00f5d70d198ed7b71f3
Poland_Warszawa_2023_Bialoleka.pb	Poland/Warszawa/Białołęka	2022	591854	b5482de663f7200ee58fb23d2a6bf03f939a5905c12eff69b9bdd91cb4a9e64e
Poland_Warszawa_2023_Bielany.pb	Poland/Warszawa/Bielany	2022	365754	d3b637e36f0fd43c75a4747bfb0f22477a10e9ca2713de84d768a1279e2fe59a
Poland_Warszawa_2023_Mokotow.pb	Poland/Warszawa/Mokotów	2022	701268	5b9678558e9bf46c67d3911b376ee21da3b9b4241eb72d668f6311e41d76f4a8
Poland_Warszawa_2023_Ochota.pb	Poland/Warszawa/Ochota	2022	322372	3069b5910ed4fba8666290ea76ce01a867bf0c3f5cef7a645b00db7168b4a8cc
Poland_Warszawa_2023_Praga-Polnoc.pb	Poland/Warszawa/Praga-Północ	2022	209012	7be08d635fecc763e8e7b5ada006186a535d4503d52884ea03f304914d30fe2e
Poland_Warszawa_2023_Praga-Poludnie.pb	Poland/Warszawa/Praga-Południe	2022	639553	10340a5a91bc39f4d018ae34404eed746b2422b4fb38ac9b11136bde6175182e
Poland_Warszawa_2023_Rembertow.pb	Poland/Warszawa/Rembertów	2022	81094	06c941cc343652baad4775c5f6916d104f009803ddfd6b3bfca42cb04c6ac053
Poland_Warszawa_2023_Srodmiescie.pb	Poland/Warszawa/Śródmieście	2022	246792	993ef6de8297a19a1523a83ced79f572d7f973061d9be2805a2dea80d7f05dca
Poland_Warszawa_2023_Targowek.pb	Poland/Warszawa/Targówek	2022	317434	c3e8f0cc0dbbeb7ba52d62fceb95986f4dd82dbac9bbd7e883bc3a785e12902a
Poland_Warszawa_2023_Ursus.pb	Poland/Warszawa/Ursus	2022	293048	4720529cb7c4225008735698ed2708fd2b55323403f6528aa74ac5e915ade958
Poland_Warszawa_2023_Ursynow.pb	Poland/Warszawa/Ursynów	2022	483288	7be9e55549660ebfc374d932a0bcf9d32979cd19261ee70a0319f71f06b5a688
Poland_Warszawa_2023_Wawer.pb	Poland/Warszawa/Wawer	2022	313761	e3a6e28e6eb7e0977d21c5a7dd0a1731f75b029b697bd85c2c20efe238696836
Poland_Warszawa_2023_Wesola.pb	Poland/Warszawa/Wesoła	2022	69918	4fae3b2e1e90f4bc458f40be5dcf652b7e31d842fde1bad0cb030c4e59aa7cdc
Poland_Warszawa_2023_Wilanow.pb	Poland/Warszawa/Wilanów	2022	156019	71ed53bc20b42b98ac395b964620b69cef9c6c92f0dbc967fe38cfe35d4a8d97
Poland_Warszawa_2023_Wlochy.pb	Poland/Warszawa/Włochy	2022	149711	5ec1bb27037293474adbffc59dc64bc7d1d8ebc4522395d285a7803d4058f3e2
Poland_Warszawa_2023_Wola.pb	Poland/Warszawa/Wola	2022	467097	cdef1efe58b8895220816c115b9e115596bd8025e9795b5a5872f7f762162377
Poland_Warszawa_2023_Zoliborz.pb	Poland/Warszawa/Żoliborz	2022	152870	297d8f511f0ff5922e1bc8f812f3370c7cc143d6fc63d36f232ac7d8f46c6638
Poland_Warszawa_2024_Bemowo.pb	Poland/Warszawa/Bemowo	2023	364184	f7303c2b8543bcc92d68b6e2f48d2de2c82f60a47fc4db7d494cff5cdb7e0334
Poland_Warszawa_2024_Bialoleka.pb	Poland/Warszawa/Białołęka	2023	421711	1260131083cb93d0405e5968a8d788f9c00e6c439780df85783d895cedd4be51
Poland_Warszawa_2024_Bielany.pb	Poland/Warszawa/Bielany	2023	354665	3da9706416c9fdd02d6b793d150fff95dfa7c57f127aa006420aa5767f49f049
Poland_Warszawa_2024_Mokotow.pb	Poland/Warszawa/Mokotów	2023	529214	006315e32ff28b16105a31df77fab39656c912a837e7ef0f3acaf2323b2c6057
Poland_Warszawa_2024_Ochota.pb	Poland/Warszawa/Ochota	2023	238625	f0db0b4b4290f6678cfadcae5061348a135a08a5d6b4c7fc83305d380ec7e852
Poland_Warszawa_2024_Praga-Polnoc.pb	Poland/Warszawa/Praga-Północ	2023	160626	108367a15a3816adcd20e7888c2ae22c5b328420d8ebf9619ed984e86877cb55
Poland_Warszawa_2024_Praga-Poludnie.pb	Poland/Warszawa/Praga-Południe	2023	507748	c0d71d2df78058a67a3534bc898aade0b103236f1344a06390c9e3f6041e2ff2
Poland_Warszawa_2024_Rembertow.pb	Poland/Warszawa/Rembertów	2023	81828	db846428fc9565bc2340a395dc55e1b87d5c56e9e3cadfc709fad53aaa403389
Poland_Warszawa_2024_Srodmiescie.pb	Poland/Warszawa/Śródmieście	2023	208639	3d5b8de2eb4fdb5e4763a24680cd35f6bd7775304d21055748f6833efc658765
Poland_Warszawa_2024_Targowek.pb	Poland/Warszawa/Targówek	2023	267526	4bd317dd52a78bce6b4e7e9e5aa693dbaf8c37550b5677d786529b28754e6f34
Poland_Warszawa_2024_Ursus.pb	Poland/Warszawa/Ursus	2023	236825	05a7d455b4a52891d44c75514881db87577400254a64df02bfb8e9e9eee2ba82
Poland_Warszawa_2024_Ursynow.pb	Poland/Warszawa/Ursynów	2023	376305	76a6feb69a01a99e7e99b3d1238f2231f8ac2077658fd0a83c9ce9c487be6a36
Poland_Warszawa_2024_Wawer.pb	Poland/Warszawa/Wawer	2023	250298	e73d73b6709363e2dca4120e377c132b57a0fd026014401f973ec4d8b1489f82
Poland_Warszawa_2024_Wesola.pb	Poland/Warszawa/Wesoła	2023	57190	309e96bb47642cc8398a8f66415d33302e8e4376b8c87279e27072bf4975a059
Poland_Warszawa_2024_Wilanow.pb	Poland/Warszawa/Wilanów	2023	90726	b241c653675f4934ae2f5f056aecfb552863cefffe288dc7aebddc8592b9e7f7
Poland_Warszawa_2024_Wlochy.pb	Poland/Warszawa/Włochy	2023	123985	7370158600ace11f43cccdce76cb90755a2625c2dc02dd83850785c57e90668c
Poland_Warszawa_2024_Wola.pb	Poland/Warszawa/Wola	2023	364535	df5f51a85061602a8f27d6944230ef83436ac0cc8cbb513f98429166fa49c32e
Poland_Warszawa_2024_Zoliborz.pb	Poland/Warszawa/Żoliborz	2023	167556	cf9f7ea35d6ae722619bb376af258620b08650a805718e220374d30b1ad09d9d
Poland_Warszawa_2025_Bemowo.pb	Poland/Warszawa/Bemowo	2024	348029	0509e1c223b6823674be49b66fb961b906f34243258feaf364ec3567a930f30c
Poland_Warszawa_2025_Bialoleka.pb	Poland/Warszawa/Białołęka	2024	529781	6be60d70726e8db2a5e6b124b7303552419fce9261f36cfaaaca9990db7673f7
Poland_Warszawa_2025_Bielany.pb	Poland/Warszawa/Bielany	2024	350975	26c237cde63acd2a748726e4f2671496707711c8d2b49a17bae871f8c07a2373
Poland_Warszawa_2025_Mokotow.pb	Poland/Warszawa/Mokotów	2024	537574	ba61924e2c68caebe7ecf776117f178678c1de78f48fe003d3cd60caad974485
Poland_Warszawa_2025_Ochota.pb	Poland/Warszawa/Ochota	2024	236265	fb811e37b374474e116a15440e9c88b988f33eaf31b90c6219ccb652c839ab94
Poland_Warszawa_2025_Praga-Polnoc.pb	Poland/Warszawa/Praga-Północ	2024	149401	9c56021d85aa3cd29f3f0d68a9fe6a74a2cb2d90cc1b0c1a379d5e4a22be8e6a
Poland_Warszawa_2025_Praga-Poludnie.pb	Poland/Warszawa/Praga-Południe	2024	575893	3221d73d3392229dabec8ab7f6385102cfb4e6f812748ccf697d8432ab34e6db
Poland_Warszawa_2025_Rembertow.pb	Poland/Warszawa/Rembertów	2024	72167	39350a4ba177e0c6e4a720d69837582ef44ab4c64d81dc9800d2a38b23f15532
Poland_Warszawa_2025_Srodmiescie.pb	Poland/Warszawa/Śródmieście	2024	248892	250f0f39020a49ffd90b1999f3a7509f1eeb3e6dac95458332f06834fb29ecfe
Poland_Warszawa_2025_Targowek.pb	Poland/Warszawa/Targówek	2024	352525	9b8adac9680d2a6a0901475529957931992c3afc5cd3fc959ffe53e850bb2291
Poland_Warszawa_2025_Ursus.pb	Poland/Warszawa/Ursus	2024	283889	61e377396d63af6c7a45190770e2005d81059a0b9102fa7781637fe5af0875e4
Poland_Warszawa_2025_Ursynow.pb	Poland/Warszawa/Ursynów	2024	372957	ef1eebb4f31c7c1ba1242afc8aea22751a158c8db647b5bea03726443825c0ef
Poland_Warszawa_2025_Wawer.pb	Poland/Warszawa/Wawer	2024	242462	ee344d61758ad23f91b0ef94e66cd92aae0d1c554bb23b567da565a8d63c375a
Poland_Warszawa_2025_Wesola.pb	Poland/Warszawa/Wesoła	2024	111534	b3dd669168286cf758bf0022ff9117b817a28f0d4e5456ac84433ca05ffc57e3
Poland_Warszawa_2025_Wilanow.pb	Poland/Warszawa/Wilanów	2024	91028	6707a383a5659f2d03c1ba58ebd6eb6db6d50150d6890fd4ebf0b1b1ec9d9c63
Poland_Warszawa_2025_Wlochy.pb	Poland/Warszawa/Włochy	2024	143013	9b678f249092939037d1504a08d2a0c9f2d34f40839e32596f1028b727f3ced3
Poland_Warszawa_2025_Wola.pb	Poland/Warszawa/Wola	2024	357796	9cd7f0a22c54947044c8a573bb0fa08ec5ee27bef2d53ccfcc47f9c2bae02ae7
Poland_Warszawa_2025_Zoliborz.pb	Poland/Warszawa/Żoliborz	2024	200518	e881b26635ada68e6eb31c8f53881203e52251c58f772100b0576af06fa423eb
Poland_Warszawa_2026_Bemowo.pb	Poland/Warszawa/Bemowo	2025	199867	cc37cb8fb25b2dd328a8303db96314dee59f87d04ac18f82d971cc44cc633542
Poland_Warszawa_2026_Bialoleka.pb	Poland/Warszawa/Białołęka	2025	271689	64e8e0f7dadaf334e64c51609ac6e656f8654d638c3887b594c28c2d21f7963f
Poland_Warszawa_2026_Bielany.pb	Poland/Warszawa/Bielany	2025	193695	8919d5fa25b30e8624e8d2c68d4a6a6b55c4d85622f0c41eef56f38051a33dcf
Poland_Warszawa_2026_Mokotow.pb	Poland/Warszawa/Mokotów	2025	288117	b2364bc684432476283b63f0dc9d0bb2d55028482a405bc88b3bd118bdbb3fdb
Poland_Warszawa_2026_Ochota.pb	Poland/Warszawa/Ochota	2025	123908	d825c4268dc774f39420f03b2b042d446b9b515debc7bf3c9671cc3c84833391
Poland_Warszawa_2026_Praga-Polnoc.pb	Poland/Warszawa/Praga-Północ	2025	77400	524bf02876b6a854cb2f9d9acfd8f5ea77b44ef239d9e61c113263c1a5c532e9
Poland_Warszawa_2026_Praga-Poludnie.pb	Poland/Warszawa/Praga-Południe	2025	255504	b377afdff05f8f096676a333469c6f84fe09fecf483223ff9597d9440612b44a
Poland_Warszawa_2026_Rembertow.pb	Poland/Warszawa/Rembertów	2025	69451	95b9b819b82d105c56bacbff69ee687e2ca0acae05ecdb0a8800e1d0b29a433d
Poland_Warszawa_2026_Srodmiescie.pb	Poland/Warszawa/Śródmieście	2025	87034	a41545813e515d859cf0a6259df7d5ee7025097b65be80c7fc6ae2d77dce1432
Poland_Warszawa_2026_Targowek.pb	Poland/Warszawa/Targówek	2025	164842	d79a1b51dc9bda870a2ab7a1b51a9049f4b50fc8eb2767596c843fae9b963127
Poland_Warszawa_2026_Ursus.pb	Poland/Warszawa/Ursus	2025	140766	2e9eb2d27d7f430f94036fa010a034c638b85c00711c1309ef4636c6faeb09fa
Poland_Warszawa_2026_Ursynow.pb	Poland/Warszawa/Ursynów	2025	249165	fa49ada8aa15d736237a332e6431380d082627cb3e855e6532ccf5dc3d236352
Poland_Warszawa_2026_Wawer.pb	Poland/Warszawa/Wawer	2025	135380	68f523c6df461eb27aea09707ac89e2dadcfdf87f89fb77bce99af7e6bef1bde
Poland_Warszawa_2026_Wesola.pb	Poland/Warszawa/Wesoła	2025	59515	d6d8e5f1e170c944aa79e740ad5e7fdabccef8c379081f0bf3f8d73ec33bba5f
Poland_Warszawa_2026_Wilanow.pb	Poland/Warszawa/Wilanów	2025	56193	337cfa8cfcc580bbd4540b01e719a53a5f7be0d2e1c1e607131314c7d7339a13
Poland_Warszawa_2026_Wlochy.pb	Poland/Warszawa/Włochy	2025	88339	38ce86b50e75db81f1228385ca88aa632e1f5cd6e863b34cbe9459aa58a84561
Poland_Warszawa_2026_Wola.pb	Poland/Warszawa/Wola	2025	165561	3ce17dd37c59db11cc6a80ba2f213443966df066e8b9c2a47781bffef71969c2
Poland_Warszawa_2026_Zoliborz.pb	Poland/Warszawa/Żoliborz	2025	96673	5b85b5cb43dc466d4ebf8775459d3422dcbc973d1ccd8546997e6180d38eb69f
