series,scored_years,contextual_csd,age_lookup_csd,difference,contextual_winner_trace_sha256,age_lookup_winner_trace_sha256
Poland/Warszawa/Bemowo,2023|2024|2025,0.16131831398155902,0.13208142462943803,0.029236889352120987,e32d1334643541b1b8902b73c6daa1169bf51187d0658fcfc26ae143d9bdad40,c7367f5d452dabaf4c73dab1371d63a71c4d0ed1296f74585ed20ebb9b193443
Poland/Warszawa/Białołęka,2023|2024|2025,0.17642980869779387,0.14560945154909302,0.03082035714870085,c117d39f70d904c41f9afe5d8ab0624edb5820c4d2b52c48b18a330b30cc74cc,649f7dd214dac46dc9a42594e1b3a94af0c79f546029f0db38bfc4c1b9748182
Poland/Warszawa/Bielany,2023|2024|2025,0.10865320169493262,0.09542429381218372,0.0132289078827489,1fec7007d2064c3a33688732f3729ed573a03f0fb7618ef318fd00aa38fe20fd,3144efa7155c708b3a851f58a5905a18ff045ecc4de69defc724771dfba97ab3
Poland/Warszawa/Mokotów,2023|2024|2025,0.27329969872249577,0.2560535011874489,0.01724619753504686,5e67234537c86350931128f4593160d4255f93d009cbf0fb7a19a1ead9664b4a,1532b0b8cd16bdba803207e485cfccc0247c38ee4fd1b63ef646bd6a979d3acf
Poland/Warszawa/Ochota,2023|2024|2025,0.225739234198112,0.21628809637802315,0.009451137820088856,ab9f14d5b1d2496ba7a8f3fdd3e17fc27598c9033c553927774a808d35e45989,09176a939267f199e0e995cf8cff2ff8f237e198252481915c535965e6526914
Poland/Warszawa/Praga-Południe,2023|2024|2025,0.17732256693363227,0.18258327282102732,-0.005260705887395051,bf942d03ca90b33494f813b96db4e379ee88f9906e23d90a41e1dbd1c7bf87e2,776d80c537d68747ffc348d1ee4a6699c5f1df879d352cc4786c069d99bcd78e
Poland/Warszawa/Praga-Północ,2023|2024|2025,0.10930699023409356,0.09201097780460342,0.017296012429490137,7f83c29a75dcc9a0b443729d430828829b84971e373e7d7d7f5f40c791b9274c,1454d417274a22926352d4cd5a1a5bc05a6e4e14bbabb32d8e59f35b47f0325e
Poland/Warszawa/Rembertów,2023|2024|2025,0.16646288299478554,0.13936955943952148,0.02709332355526406,5320d2baf93af52df9e0879f4ed8b7a2f29f1e705d9f5d321747f4a360e2f285,7226f2cdd87cca3ad7f71daaa7336d82fe90bd4658900ba446c75a273d40619f
Poland/Warszawa/Targówek,2023|2024|2025,0.2069847862179454,0.1345117905077867,0.0724729957101587,d17a69ed95af0a6df1d3f755760ce4f47723866dcaf7d76141efda0ec1bcf80b,5bce5aac31538078bfb4b4788ee5ca16920afff2703fefa77cb4640230ec7ab2
Poland/Warszawa/Ursus,2023|2024|2025,0.20619431975458175,0.1850945877032715,0.021099732051310244,45e79c31e7ca5174b354f201d654821ae73c8ef5c9f4627dee85b9dc223f5695,cca728af164577ed22775b5702c6679db4e27f5107a079c2d14867b3f7ba193a
Poland/Warszawa/Ursynów,2023|2024|2025,0.04605632619192163,0.06815196751705843,-0.0220956413251368,3c88b9ec71dbc6aff3332ba12ad92ac972af4c17588b8e7146e958b7f615e26e,1eb8ecca39b33212406b94ef6235d50b67bb8f9e10a648fa70632b7f0c9c4fdf
Poland/Warszawa/Wawer,2023|2024|2025,0.1079758008637296,0.10580287545686395,0.0021729254068656445,a5770cb630a7f0cf5e5a17dac24fcf405279f9b922d4c24e768dbd2a9cc7a4c1,f86d7b356ab6910b350ab16ca55e6d8ced96a5edf5f58828a6e9f53437a019c6
Poland/Warszawa/Wesoła,2023|2024|2025,0.20804660545380602,0.10586897723953989,0.10217762821426613,8df469b59ec06fe9cc8ce53a386a481805bea032cc529ed3da51bcf0858a5393,92fc3e0866d0523aec2cf0cf2d9f4d23a3864e11ebaa3cec696dc88e203eb107
Poland/Warszawa/Wilanów,2023|2024|2025,0.2410469112983447,0.2410469112983447,0.0,be5d831d418f476ab9d32d728756ce6c74dcea56da9bf0c9c8516cd5e7a6650a,74325dc8d3fe5c428ec8e2814add489c2b1f92abaa0c5fc9133478deb741ed4c
Poland/Warszawa/Wola,2023|2024|2025,0.18127080815001928,0.18232383333407498,-0.0010530251840557003,3416db30b3c97dceed4b7c83f9d13141eb1c861fb21fa4d1d635731fafa37b1b,ab67c7f65b73a72600af6ee5b067c4660261f1fffd676e8227eee73cbf7057a4
Poland/Warszawa/Włochy,2023|2024|2025,0.09423237167802868,0.11007393995218612,-0.015841568274157433,8daa743e6701aa1f10a27861e09dbe316f6fa8287b33a426c5bf83c923ee2cd6,8586b22997f24c80aa87aa39ac7c89fccbe9aa25119e1e15bc998a14f2600508
Poland/Warszawa/Śródmieście,2023|2024|2025,0.26244697926091376,0.23662094946629147,0.025826029794622285,08d5392b44ebd88abcfbc2bc3d06c7a7742e3efd9ea0ea546b9bc6e36bcea9ad,295415316fda73474cf0ab9517985071917999fcb5c3d0382ae39295795a503d
Poland/Warszawa/Żoliborz,2023|2024|2025,0.17262235173263643,0.2950438590385647,-0.1224215073059283,c8b59327407114831546b82edb89b0d35954dc2e1a1dfbd713f2f03341cbcecd,0ee8104e672f475169152a447bffd744bbc548b11cd07cf0088d1f9a2f7bb2a7
