series,worst_cohort,ceiling_csd,hist_csd,mes_csd,res10_csd
Poland/Warszawa/Bemowo,age60+|M,-0.1024,0.2449,0.1998,0.1988
Poland/Warszawa/Białołęka,age60+|M,-0.3809,0.2446,0.2331,0.2324
Poland/Warszawa/Bielany,age60+|M,-0.304,0.2049,0.1663,0.1607
Poland/Warszawa/Mokotów,age60+|M,-0.1193,0.3257,0.3015,0.3
Poland/Warszawa/Ochota,age60+|M,-0.1824,0.2665,0.2241,0.2254
Poland/Warszawa/Praga-Południe,age60+|M,-0.3372,0.2382,0.2487,0.2408
Poland/Warszawa/Praga-Północ,age60+|M,-0.2623,0.3438,0.252,0.2418
Poland/Warszawa/Rembertów,age60+|M,-0.2368,0.1722,0.1163,0.1211
Poland/Warszawa/Targówek,age60+|M,-0.3461,0.2559,0.2226,0.2296
Poland/Warszawa/Ursus,age60+|F,-0.1761,0.334,0.2681,0.2694
Poland/Warszawa/Ursynów,age60+|F,-0.4526,0.0857,0.0464,0.0463
Poland/Warszawa/Wawer,age60+|M,-0.4222,0.2456,0.2231,0.2227
Poland/Warszawa/Wesoła,age60+|M,-0.2076,0.2497,0.2505,0.2392
Poland/Warszawa/Wilanów,age60+|M,0.1275,0.2491,0.297,0.2936
Poland/Warszawa/Wola,age60+|M,-0.2791,0.251,0.2574,0.2595
Poland/Warszawa/Włochy,age60+|M,-0.0448,0.2888,0.2546,0.2466
Poland/Warszawa/Śródmieście,age60+|M,0.0488,0.3444,0.3038,0.3038
Poland/Warszawa/Żoliborz,age60+|M,-0.0307,0.2218,0.2236,0.2257
Poland/Łódź/CITYWIDE,age40-59|M,-0.4709,0.1324,0.1702,0.1702
