scope,policy,n_series,worst_csd,mean_csd,welfare,cost_welfare,exclusion
Poland/Gdynia,greedy-cost,22.0,0.13416767352189718,0.008064813052175664,109280.0,58788048532.0,0.29772762033461403
Poland/Gdynia,greedy-count,22.0,0.11573426073924775,0.006520599894581636,112522.0,68635835734.0,0.24619985957528015
Poland/Gdynia,learned-endowment,22.0,0.13008214397076379,0.008555841831307656,110231.0,60226225221.0,0.28392759196494866
Poland/Gdynia,learned-outcome-f0.85,22.0,0.13416066107624264,0.0072768562998600066,109225.0,58790969638.0,0.29935286936470734
Poland/Gdynia,learned-outcome-f1.00,22.0,0.13416767352189718,0.008064813052175664,109280.0,58788048532.0,0.29772762033461403
Poland/Gdynia,mes,22.0,0.13746346751329666,0.008739538387959945,110508.0,60136443049.0,0.2841194148202471
Poland/Gdynia,recorded,22.0,0.11826858365406166,0.005514888639580085,103603.0,67713435664.0,0.28865761439594667
Poland/Gdynia,res-1.0,22.0,0.13746346751329666,0.008739538387959945,110508.0,60136443049.0,0.2841194148202471
Poland/Łódź,greedy-cost,36.0,0.12849499766355052,0.005693245779159568,454895.0,34711883645.0,0.16808324023812318
Poland/Łódź,greedy-count,36.0,0.12943914290596872,0.0061156140682086845,355913.0,55171272329.0,0.2166226843776165
Poland/Łódź,learned-endowment,36.0,0.13726510792036206,0.005777072739654314,437725.0,42680368519.0,0.16720768825082197
Poland/Łódź,learned-outcome-f0.85,36.0,0.118261308297021,0.0010189023509470955,445298.0,33244982765.0,0.17570196683294115
Poland/Łódź,learned-outcome-f1.00,36.0,0.1362924977920994,0.004365810353129747,447572.0,31888571971.0,0.1778141129660296
Poland/Łódź,mes,36.0,0.1389747964887903,0.006088720297189274,437588.0,42433779386.0,0.16808035003123484
Poland/Łódź,recorded,36.0,0.12930011301568192,0.00606738423133852,355567.0,55167644844.0,0.2175088752442094
Poland/Łódź,res-1.0,36.0,0.1381352939835586,0.005928101241132574,437992.0,42427340136.0,0.1676283815361726
ALL,greedy-cost,58.0,0.13064670229947511,0.006592805779269121,564175.0,93499932177.0,0.21725869475748175
ALL,greedy-count,58.0,0.12424073932548835,0.006269229381660494,468435.0,123807108063.0,0.22784161290086824
ALL,learned-endowment,58.0,0.13454053538775582,0.006831088602005582,547956.0,102906593740.0,0.21148075517687004
ALL,learned-outcome-f0.85,58.0,0.12429209728224298,0.0033926090212244063,554523.0,92035952403.0,0.22260403331050763
ALL,learned-outcome-f1.00,58.0,0.13548652996547095,0.005768880342423026,556852.0,90676620503.0,0.22329854679549263
ALL,mes,58.0,0.1384015337739479,0.0070942030212747,548096.0,102570222435.0,0.21209516770982567
ALL,recorded,58.0,0.1251157398095501,0.005857816937912907,459170.0,122881080508.0,0.24449632802590285
ALL,res-1.0,58.0,0.13788046325345923,0.006994508434756749,548500.0,102563783185.0,0.2118146355404767
