arm,floor,baseline,learned_mean,baseline_mean,diff,ci_lo,ci_hi,p_two_sided,wins,n
outcome,0.0,greedy-count,0.122842,0.217329,-0.094487,-0.128453,-0.056636,0.00037,15,18
outcome,0.0,greedy-cost,0.122842,0.19907,-0.076228,-0.104796,-0.045116,0.00033,15,18
outcome,0.0,llmrule-cost,0.122842,0.214215,-0.091373,-0.124233,-0.055204,0.00031,15,18
outcome,0.0,llmrule-card,0.122842,0.200728,-0.077886,-0.108746,-0.044055,0.00064,15,18
outcome,0.0,mes,0.122842,0.199158,-0.076316,-0.105661,-0.045789,0.00022,15,18
outcome,0.0,res-1.0,0.122842,0.195135,-0.072293,-0.10194,-0.041209,0.0005,15,18
outcome,0.85,greedy-count,0.115258,0.217329,-0.102071,-0.137513,-0.065683,0.00011,16,18
outcome,0.85,greedy-cost,0.115258,0.19907,-0.083812,-0.111786,-0.057527,2e-05,17,18
outcome,0.85,llmrule-cost,0.115258,0.214215,-0.098957,-0.131396,-0.065471,6e-05,16,18
outcome,0.85,llmrule-card,0.115258,0.200728,-0.08547,-0.111856,-0.058659,3e-05,17,18
outcome,0.85,mes,0.115258,0.199158,-0.0839,-0.108327,-0.059248,2e-05,17,18
outcome,0.85,res-1.0,0.115258,0.195135,-0.079877,-0.104411,-0.05494,2e-05,17,18
outcome,0.95,greedy-count,0.148322,0.217329,-0.069007,-0.101335,-0.038214,0.00047,14,18
outcome,0.95,greedy-cost,0.148322,0.19907,-0.050748,-0.072312,-0.032172,4e-05,16,18
outcome,0.95,llmrule-cost,0.148322,0.214215,-0.065893,-0.093913,-0.038852,0.00016,16,18
outcome,0.95,llmrule-card,0.148322,0.200728,-0.052406,-0.074923,-0.030559,0.00018,17,18
outcome,0.95,mes,0.148322,0.199158,-0.050836,-0.072351,-0.030485,8e-05,16,18
outcome,0.95,res-1.0,0.148322,0.195135,-0.046813,-0.065563,-0.028369,0.00011,16,18
outcome,1.0,greedy-count,0.172801,0.217329,-0.044527,-0.073195,-0.016404,0.00842,13,18
outcome,1.0,greedy-cost,0.172801,0.19907,-0.026269,-0.040385,-0.014089,0.0003,15,18
outcome,1.0,llmrule-cost,0.172801,0.214215,-0.041414,-0.066195,-0.01709,0.00552,14,18
outcome,1.0,llmrule-card,0.172801,0.200728,-0.027927,-0.044306,-0.010601,0.00716,14,18
outcome,1.0,mes,0.172801,0.199158,-0.026357,-0.046206,-0.0076,0.01304,14,18
outcome,1.0,res-1.0,0.172801,0.195135,-0.022334,-0.03866,-0.006338,0.01402,14,18
outcome,1.02,greedy-count,0.18283,0.217329,-0.034499,-0.064741,-0.004584,0.04403,11,18
outcome,1.02,greedy-cost,0.18283,0.19907,-0.01624,-0.030368,-0.004329,0.01537,13,18
outcome,1.02,llmrule-cost,0.18283,0.214215,-0.031385,-0.057442,-0.005654,0.03555,12,18
outcome,1.02,llmrule-card,0.18283,0.200728,-0.017898,-0.034615,-1e-05,0.06975,13,18
outcome,1.02,mes,0.18283,0.199158,-0.016328,-0.036657,0.003212,0.13349,11,18
outcome,1.02,res-1.0,0.18283,0.195135,-0.012305,-0.029039,0.00462,0.18091,12,18
outcome,1.05,greedy-count,0.186915,0.217329,-0.030413,-0.059578,-0.001469,0.06341,11,18
outcome,1.05,greedy-cost,0.186915,0.19907,-0.012154,-0.025568,-0.001555,0.04532,12,18
outcome,1.05,llmrule-cost,0.186915,0.214215,-0.027299,-0.051853,-0.002803,0.05122,11,18
outcome,1.05,llmrule-card,0.186915,0.200728,-0.013813,-0.030457,0.003422,0.1401,12,18
outcome,1.05,mes,0.186915,0.199158,-0.012243,-0.029532,0.0054,0.19725,11,18
outcome,1.05,res-1.0,0.186915,0.195135,-0.00822,-0.022023,0.006639,0.29231,12,18
