series,mes,learned_endowment,learned_outcome,endowment_minus_mes,outcome_minus_mes,endowment_wins,outcome_wins
Poland/Warszawa/Wesoła,0.27271,0.208047,0.135928,-0.064663,-0.136781,1,1
Poland/Warszawa/Praga-Północ,0.195259,0.109307,0.111921,-0.085952,-0.083338,1,1
Poland/Warszawa/Praga-Południe,0.233275,0.177323,0.180837,-0.055952,-0.052438,1,1
Poland/Warszawa/Włochy,0.117846,0.094232,0.069647,-0.023614,-0.048199,1,1
Poland/Warszawa/Wola,0.193254,0.181271,0.150098,-0.011983,-0.043156,1,1
Poland/Warszawa/Rembertów,0.166463,0.166463,0.126376,0.0,-0.040087,0,1
Poland/Warszawa/Bemowo,0.158284,0.161318,0.118541,0.003035,-0.039742,0,1
Poland/Warszawa/Bielany,0.105579,0.108653,0.069286,0.003074,-0.036292,0,1
Poland/Warszawa/Ursus,0.23379,0.206194,0.201014,-0.027595,-0.032775,1,1
Poland/Warszawa/Mokotów,0.291701,0.2733,0.269054,-0.018401,-0.022647,1,1
Poland/Warszawa/Ursynów,0.080211,0.046056,0.068361,-0.034155,-0.01185,1,1
Poland/Warszawa/Wawer,0.157979,0.107976,0.151743,-0.050003,-0.006235,1,1
Poland/Warszawa/Śródmieście,0.262447,0.262447,0.257836,0.0,-0.004611,0,1
Poland/Warszawa/Targówek,0.169702,0.206985,0.167572,0.037283,-0.00213,0,1
Poland/Warszawa/Ochota,0.209119,0.225739,0.213095,0.016621,0.003976,0,0
Poland/Warszawa/Żoliborz,0.308326,0.172622,0.315302,-0.135704,0.006976,1,0
Poland/Warszawa/Wilanów,0.255167,0.241047,0.265559,-0.01412,0.010392,1,0
Poland/Warszawa/Białołęka,0.173738,0.17643,0.238252,0.002692,0.064514,0,0
