series,years,hist_ref,hist_env,hist_delta,mes_ref,mes_env,mes_delta,res10_ref,res10_env,res10_delta
Poland/Warszawa/Bemowo,7,0.2449,0.244854,4.6e-05,0.1998,0.199798,2e-06,0.1988,0.198765,3.5e-05
Poland/Warszawa/Białołęka,7,0.2446,0.24464,4e-05,0.2331,0.233124,2.4e-05,0.2324,0.232446,4.6e-05
Poland/Warszawa/Bielany,7,0.2049,0.204867,3.3e-05,0.1663,0.166258,4.2e-05,0.1607,0.160741,4.1e-05
Poland/Warszawa/Mokotów,7,0.3257,0.325713,1.3e-05,0.3015,0.301509,9e-06,0.3,0.299985,1.5e-05
Poland/Warszawa/Ochota,7,0.2665,0.266476,2.4e-05,0.2241,0.2241,0.0,0.2254,0.225371,2.9e-05
Poland/Warszawa/Praga-Południe,7,0.2382,0.238249,4.9e-05,0.2487,0.248689,1.1e-05,0.2408,0.240801,1e-06
Poland/Warszawa/Praga-Północ,7,0.3438,0.343767,3.3e-05,0.252,0.252045,4.5e-05,0.2418,0.241817,1.7e-05
Poland/Warszawa/Rembertów,7,0.1722,0.172221,2.1e-05,0.1163,0.116281,1.9e-05,0.1211,0.121086,1.4e-05
Poland/Warszawa/Targówek,7,0.2559,0.255911,1.1e-05,0.2226,0.222605,5e-06,0.2296,0.229569,3.1e-05
Poland/Warszawa/Ursus,7,0.334,0.333971,2.9e-05,0.2681,0.268104,4e-06,0.2694,0.269393,7e-06
Poland/Warszawa/Ursynów,7,0.0857,0.085711,1.1e-05,0.0464,0.046438,3.8e-05,0.0463,0.046349,4.9e-05
Poland/Warszawa/Wawer,10,0.2456,0.245599,1e-06,0.2231,0.223052,4.8e-05,0.2227,0.222711,1.1e-05
Poland/Warszawa/Wesoła,7,0.2497,0.249746,4.6e-05,0.2505,0.250491,9e-06,0.2392,0.239226,2.6e-05
Poland/Warszawa/Wilanów,7,0.2491,0.249109,9e-06,0.297,0.297015,1.5e-05,0.2936,0.293596,4e-06
Poland/Warszawa/Wola,7,0.251,0.250954,4.6e-05,0.2574,0.257354,4.6e-05,0.2595,0.25952,2e-05
Poland/Warszawa/Włochy,7,0.2888,0.288803,3e-06,0.2546,0.254634,3.4e-05,0.2466,0.246555,4.5e-05
Poland/Warszawa/Śródmieście,7,0.3444,0.344412,1.2e-05,0.3038,0.303825,2.5e-05,0.3038,0.303825,2.5e-05
Poland/Warszawa/Żoliborz,7,0.2218,0.221771,2.9e-05,0.2236,0.223584,1.6e-05,0.2257,0.225684,1.6e-05
Poland/Łódź/CITYWIDE,3,0.1324,0.132442,4.2e-05,0.1702,0.170175,2.5e-05,0.1702,0.170175,2.5e-05
