series,greedy-count_worst,greedy-count_welfare,greedy-cost_worst,greedy-cost_welfare,llmrule-cost_worst,llmrule-cost_welfare,llmrule-card_worst,llmrule-card_welfare,mes_worst,mes_welfare,res-0.25_worst,res-0.25_welfare,res-0.5_worst,res-0.5_welfare,res-0.75_worst,res-0.75_welfare,res-1.0_worst,res-1.0_welfare
Poland/Warszawa/Bemowo,0.244884,231070.0,0.179585,296349.0,0.226312,243454.0,0.194183,291755.0,0.199798,294123.0,0.199798,294123.0,0.201705,293312.0,0.193705,293386.0,0.198765,293269.0
Poland/Warszawa/Białołęka,0.247179,209268.0,0.260478,329046.0,0.243633,236816.0,0.249485,320249.0,0.233124,315332.0,0.232636,314791.0,0.232446,313895.0,0.232446,313895.0,0.232446,313895.0
Poland/Warszawa/Bielany,0.195167,146475.0,0.179819,258988.0,0.198328,166595.0,0.199421,241816.0,0.166258,246966.0,0.166258,246966.0,0.166258,246966.0,0.162578,246546.0,0.160741,244380.0
Poland/Warszawa/Mokotów,0.325713,321964.0,0.282649,470523.0,0.322756,339931.0,0.299319,463298.0,0.301509,458942.0,0.301509,458942.0,0.299985,455630.0,0.299985,455630.0,0.299985,455630.0
Poland/Warszawa/Ochota,0.266558,150583.0,0.199395,209797.0,0.24553,168116.0,0.236269,209924.0,0.2241,204122.0,0.2241,204122.0,0.2241,204122.0,0.2241,204122.0,0.225371,204612.0
Poland/Warszawa/Praga-Południe,0.238249,267583.0,0.228225,414696.0,0.244102,284357.0,0.240872,397966.0,0.248689,402325.0,0.23909,401105.0,0.23909,401105.0,0.240801,401475.0,0.240801,401475.0
Poland/Warszawa/Praga-Północ,0.343767,69649.0,0.268147,105605.0,0.31009,82213.0,0.273518,101107.0,0.252045,103063.0,0.235887,103136.0,0.238297,103328.0,0.241817,102579.0,0.241817,102579.0
Poland/Warszawa/Rembertów,0.170233,37012.0,0.100813,54810.0,0.13806,43590.0,0.13711,53626.0,0.116281,53027.0,0.116281,53027.0,0.116709,53050.0,0.116709,53050.0,0.121086,53044.0
Poland/Warszawa/Targówek,0.260467,121556.0,0.249152,206830.0,0.2576,142728.0,0.275867,200193.0,0.222605,197477.0,0.244792,197795.0,0.244792,197795.0,0.237536,197760.0,0.229569,197089.0
Poland/Warszawa/Ursus,0.333971,129836.0,0.261001,176903.0,0.328392,135920.0,0.309718,171796.0,0.268104,172187.0,0.268104,172187.0,0.268104,172187.0,0.268554,171993.0,0.269393,172064.0
Poland/Warszawa/Ursynów,0.086112,205569.0,0.094052,339550.0,0.056962,232536.0,0.050283,328765.0,0.046438,328154.0,0.046438,328154.0,0.049977,327968.0,0.048245,327991.0,0.046349,328035.0
Poland/Warszawa/Wawer,0.245682,135337.0,0.172142,213597.0,0.229939,148637.0,0.208205,206414.0,0.223052,199896.0,0.223052,199896.0,0.223052,199896.0,0.223052,199896.0,0.222711,200085.0
Poland/Warszawa/Wesoła,0.23961,37858.0,0.215205,49077.0,0.246444,41394.0,0.22036,48514.0,0.250491,48451.0,0.250491,48451.0,0.250491,48451.0,0.250491,48451.0,0.239226,48418.0
Poland/Warszawa/Wilanów,0.249109,74629.0,0.288606,91573.0,0.259785,79700.0,0.280204,90353.0,0.297015,90878.0,0.297015,90878.0,0.297015,90878.0,0.297015,90878.0,0.293596,90572.0
Poland/Warszawa/Wola,0.250954,195026.0,0.26184,319586.0,0.233256,241719.0,0.265415,312349.0,0.257354,312434.0,0.25952,313822.0,0.25952,313822.0,0.25952,313822.0,0.25952,313822.0
Poland/Warszawa/Włochy,0.288803,87925.0,0.24153,108685.0,0.265155,90810.0,0.236476,107253.0,0.254634,105687.0,0.243445,105719.0,0.243445,105719.0,0.239932,105714.0,0.246555,105254.0
Poland/Warszawa/Śródmieście,0.344412,144448.0,0.294688,172499.0,0.340901,149198.0,0.300412,171499.0,0.303825,170044.0,0.303825,170044.0,0.303825,170044.0,0.303825,170044.0,0.303825,170044.0
Poland/Warszawa/Żoliborz,0.221771,125971.0,0.258364,145172.0,0.228183,129164.0,0.25598,144010.0,0.223584,142885.0,0.225684,142500.0,0.225684,142500.0,0.225684,142500.0,0.225684,142500.0
Poland/Łódź/CITYWIDE,0.132442,320936.0,0.070017,464787.0,0.13692,343240.0,0.126005,436009.0,0.170175,449934.0,0.170175,449934.0,0.170175,449934.0,0.170175,449934.0,0.170175,449934.0
