series,year,policy,kappa,min_approval_share,implied_floor,violates_floor
Bemowo,2023,mes,1.0,0.031759,0.005587,0
Bemowo,2024,mes,1.0,0.012664,0.002245,0
Bemowo,2025,mes,1.0,0.015274,0.007875,0
Białołęka,2023,mes,1.0,0.064593,0.003189,0
Białołęka,2024,mes,1.0,0.036131,0.00537,0
Białołęka,2025,mes,1.0,0.024916,0.006098,0
Bielany,2023,mes,1.0,0.009453,0.001574,0
Bielany,2024,mes,1.0,0.012004,0.002727,0
Bielany,2025,mes,1.0,0.028995,0.0126,0
Mokotów,2023,mes,1.0,0.028913,0.003095,0
Mokotów,2024,mes,1.0,0.035803,0.003298,0
Mokotów,2025,mes,1.0,0.062011,0.022972,0
Ochota,2023,mes,1.0,0.046558,0.003436,0
Ochota,2024,mes,1.0,0.035879,0.004011,0
Ochota,2025,mes,1.0,0.026471,0.001908,0
Praga-Południe,2023,mes,1.0,0.023654,0.00125,0
Praga-Południe,2024,mes,1.0,0.017474,0.003861,0
Praga-Południe,2025,mes,1.0,0.053854,0.003445,0
Praga-Północ,2023,mes,1.0,0.060361,0.011517,0
Praga-Północ,2024,mes,1.0,0.03238,0.002363,0
Praga-Północ,2025,mes,1.0,0.014318,0.004548,0
Rembertów,2023,mes,1.0,0.112809,0.022676,0
Rembertów,2024,mes,1.0,0.092012,0.007752,0
Rembertów,2025,mes,1.0,0.009003,0.00451,0
Targówek,2023,mes,1.0,0.037694,0.005231,0
Targówek,2024,mes,1.0,0.023491,0.001736,0
Targówek,2025,mes,1.0,0.022937,0.009509,0
Ursus,2023,mes,1.0,0.060449,0.003081,0
Ursus,2024,mes,1.0,0.036252,0.003939,0
Ursus,2025,mes,1.0,0.054173,0.024055,0
Ursynów,2023,mes,1.0,0.03322,0.00493,0
Ursynów,2024,mes,1.0,0.042506,0.003781,0
Ursynów,2025,mes,1.0,0.021273,0.002709,0
Wawer,2023,mes,1.0,0.017853,0.003369,0
Wawer,2024,mes,1.0,0.042192,0.001418,0
Wawer,2025,mes,1.0,0.046333,0.002953,0
Wesoła,2023,mes,1.0,0.115956,0.012817,0
Wesoła,2024,mes,1.0,0.071879,0.000945,0
Wesoła,2025,mes,1.0,0.011943,0.00233,0
Wilanów,2023,mes,1.0,0.302667,0.04601,0
Wilanów,2024,mes,1.0,0.287661,0.057751,0
Wilanów,2025,mes,1.0,0.313826,0.098194,0
Wola,2023,mes,1.0,0.039902,0.012324,0
Wola,2024,mes,1.0,0.036832,0.00844,0
Wola,2025,mes,1.0,0.051544,0.005168,0
Włochy,2023,mes,1.0,0.062144,0.0058,0
Włochy,2024,mes,1.0,0.073897,0.017628,0
Włochy,2025,mes,1.0,0.241675,0.036177,0
Śródmieście,2023,mes,1.0,0.058358,0.002572,0
Śródmieście,2024,mes,1.0,0.024206,0.002466,0
Śródmieście,2025,mes,1.0,0.201136,0.041345,0
Żoliborz,2023,mes,1.0,0.028471,0.007,0
Żoliborz,2024,mes,1.0,0.056735,0.004727,0
Żoliborz,2025,mes,1.0,0.053462,0.041345,0
Bemowo,2023,res-1.0,1.6202,0.031759,0.003448,0
Bemowo,2024,res-1.0,1.7393,0.012664,0.001291,0
Bemowo,2025,res-1.0,2.1468,0.015274,0.003668,0
Białołęka,2023,res-1.0,2.0129,0.064593,0.001584,0
Białołęka,2024,res-1.0,1.8253,0.036131,0.002942,0
Białołęka,2025,res-1.0,2.8816,0.024916,0.002116,0
Bielany,2023,res-1.0,1.8281,0.009453,0.000861,0
Bielany,2024,res-1.0,1.5904,0.012004,0.001715,0
Bielany,2025,res-1.0,3.0372,0.028995,0.004149,0
Mokotów,2023,res-1.0,1.7981,0.028913,0.001721,0
Mokotów,2024,res-1.0,2.1139,0.035803,0.00156,0
Mokotów,2025,res-1.0,4.4517,0.062011,0.00516,0
Ochota,2023,res-1.0,1.6807,0.046558,0.002044,0
Ochota,2024,res-1.0,2.0459,0.035879,0.00196,0
Ochota,2025,res-1.0,3.2565,0.026471,0.000586,0
Praga-Południe,2023,res-1.0,1.7504,0.023654,0.000714,0
Praga-Południe,2024,res-1.0,1.9224,0.017474,0.002009,0
Praga-Południe,2025,res-1.0,3.5521,0.053854,0.00097,0
Praga-Północ,2023,res-1.0,1.7061,0.060361,0.006751,0
Praga-Północ,2024,res-1.0,2.8332,0.03238,0.000834,0
Praga-Północ,2025,res-1.0,3.9664,0.014318,0.001147,0
Rembertów,2023,res-1.0,1.2178,0.112809,0.01862,0
Rembertów,2024,res-1.0,1.2976,0.092012,0.005974,0
Rembertów,2025,res-1.0,1.3524,0.009003,0.003335,0
Targówek,2023,res-1.0,1.8232,0.026386,0.003686,0
Targówek,2024,res-1.0,1.8705,0.023491,0.000928,0
Targówek,2025,res-1.0,3.2019,0.022937,0.00297,0
Ursus,2023,res-1.0,1.9455,0.060449,0.001584,0
Ursus,2024,res-1.0,2.0335,0.036252,0.001937,0
Ursus,2025,res-1.0,4.143,0.054173,0.005806,0
Ursynów,2023,res-1.0,1.1637,0.03322,0.004236,0
Ursynów,2024,res-1.0,1.1692,0.042506,0.003234,0
Ursynów,2025,res-1.0,1.4236,0.019025,0.016914,0
Wawer,2023,res-1.0,1.7989,0.017853,0.001873,0
Wawer,2024,res-1.0,2.0879,0.042192,0.000679,0
Wawer,2025,res-1.0,3.0902,0.046333,0.000956,0
Wesoła,2023,res-1.0,1.6503,0.115956,0.007767,0
Wesoła,2024,res-1.0,1.951,0.071879,0.000485,0
Wesoła,2025,res-1.0,1.6743,0.011943,0.001392,0
Wilanów,2023,res-1.0,1.863,0.302667,0.024697,0
Wilanów,2024,res-1.0,1.9166,0.287661,0.030132,0
Wilanów,2025,res-1.0,2.4903,0.313826,0.039431,0
Wola,2023,res-1.0,1.996,0.039902,0.006174,0
Wola,2024,res-1.0,2.0786,0.036832,0.004061,0
Wola,2025,res-1.0,3.4756,0.051544,0.001487,0
Włochy,2023,res-1.0,2.5077,0.062144,0.002313,0
Włochy,2024,res-1.0,2.5765,0.109516,0.00259,0
Włochy,2025,res-1.0,4.0487,0.241675,0.008935,0
Śródmieście,2023,res-1.0,2.1216,0.058358,0.001212,0
Śródmieście,2024,res-1.0,1.8304,0.024206,0.001347,0
Śródmieście,2025,res-1.0,4.8531,0.201136,0.008519,0
Żoliborz,2023,res-1.0,1.7006,0.028471,0.004116,0
Żoliborz,2024,res-1.0,1.7869,0.056735,0.002645,0
Żoliborz,2025,res-1.0,2.993,0.053462,0.013814,0
Bemowo,2023,learned-endowment,5.9113,0.031759,0.000945,0
Bemowo,2024,learned-endowment,6.246,0.019651,0.000262,0
Bemowo,2025,learned-endowment,5.4548,0.015274,0.001444,0
Białołęka,2023,learned-endowment,8.7325,0.064593,0.000365,0
Białołęka,2024,learned-endowment,7.2727,0.036131,0.000738,0
Białołęka,2025,learned-endowment,9.8159,0.024916,0.000621,0
Bielany,2023,learned-endowment,8.5813,0.009453,0.000183,0
Bielany,2024,learned-endowment,6.9183,0.012004,0.000394,0
Bielany,2025,learned-endowment,10.6044,0.028995,0.001188,0
Mokotów,2023,learned-endowment,5.7925,0.028913,0.000534,0
Mokotów,2024,learned-endowment,6.7554,0.035803,0.000488,0
Mokotów,2025,learned-endowment,10.3408,0.062011,0.002221,0
Ochota,2023,learned-endowment,5.5857,0.046558,0.000615,0
Ochota,2024,learned-endowment,6.7647,0.035879,0.000593,0
Ochota,2025,learned-endowment,8.2288,0.026471,0.000232,0
Praga-Południe,2023,learned-endowment,8.1231,0.023654,0.000154,0
Praga-Południe,2024,learned-endowment,7.9722,0.017474,0.000484,0
Praga-Południe,2025,learned-endowment,10.4274,0.053854,0.00033,0
Praga-Północ,2023,learned-endowment,6.2585,0.071511,0.000606,0
Praga-Północ,2024,learned-endowment,12.0416,0.03238,0.000196,0
Praga-Północ,2025,learned-endowment,11.9772,0.014318,0.00038,0
Rembertów,2023,learned-endowment,2.9514,0.112809,0.007683,0
Rembertów,2024,learned-endowment,3.638,0.092012,0.002131,0
Rembertów,2025,learned-endowment,6.4095,0.009003,0.000704,0
Targówek,2023,learned-endowment,6.4219,0.037694,0.000815,0
Targówek,2024,learned-endowment,6.042,0.023491,0.000287,0
Targówek,2025,learned-endowment,7.1269,0.022937,0.001334,0
Ursus,2023,learned-endowment,7.786,0.060449,0.000396,0
Ursus,2024,learned-endowment,7.7716,0.036252,0.000507,0
Ursus,2025,learned-endowment,10.4882,0.054173,0.002294,0
Ursynów,2023,learned-endowment,2.9587,0.03322,0.001666,0
Ursynów,2024,learned-endowment,2.6338,0.042506,0.001436,0
Ursynów,2025,learned-endowment,2.8927,0.019025,0.008324,0
Wawer,2023,learned-endowment,6.4346,0.017853,0.000524,0
Wawer,2024,learned-endowment,6.7996,0.042192,0.000209,0
Wawer,2025,learned-endowment,7.7488,0.046333,0.000381,0
Wesoła,2023,learned-endowment,5.5595,0.115956,0.002305,0
Wesoła,2024,learned-endowment,6.6983,0.071879,0.000141,0
Wesoła,2025,learned-endowment,5.9965,0.011943,0.000389,0
Wilanów,2023,learned-endowment,6.2517,0.258574,0.010514,0
Wilanów,2024,learned-endowment,6.6052,0.287661,0.008743,0
Wilanów,2025,learned-endowment,6.0979,0.313826,0.016103,0
Wola,2023,learned-endowment,7.9733,0.039902,0.001546,0
Wola,2024,learned-endowment,7.9442,0.036832,0.001062,0
Wola,2025,learned-endowment,9.6175,0.051544,0.000537,0
Włochy,2023,learned-endowment,13.6306,0.062144,0.000425,0
Włochy,2024,learned-endowment,11.5137,0.073897,0.001531,0
Włochy,2025,learned-endowment,11.6543,0.241675,0.003104,0
Śródmieście,2023,learned-endowment,7.324,0.058358,0.000351,0
Śródmieście,2024,learned-endowment,5.4911,0.024206,0.000449,0
Śródmieście,2025,learned-endowment,10.6084,0.201136,0.003897,0
Żoliborz,2023,learned-endowment,5.6075,0.028471,0.001248,0
Żoliborz,2024,learned-endowment,7.2884,0.056735,0.000649,0
Żoliborz,2025,learned-endowment,5.8492,0.095968,0.00377,0
Bemowo,2023,greedy-cost,nan,0.031759,nan,0
Bemowo,2024,greedy-cost,nan,0.012664,nan,0
Bemowo,2025,greedy-cost,nan,0.01294,nan,0
Białołęka,2023,greedy-cost,nan,0.064593,nan,0
Białołęka,2024,greedy-cost,nan,0.036131,nan,0
Białołęka,2025,greedy-cost,nan,0.024916,nan,0
Bielany,2023,greedy-cost,nan,0.009453,nan,0
Bielany,2024,greedy-cost,nan,0.010376,nan,0
Bielany,2025,greedy-cost,nan,0.028995,nan,0
Mokotów,2023,greedy-cost,nan,0.027431,nan,0
Mokotów,2024,greedy-cost,nan,0.035803,nan,0
Mokotów,2025,greedy-cost,nan,0.062011,nan,0
Ochota,2023,greedy-cost,nan,0.046558,nan,0
Ochota,2024,greedy-cost,nan,0.035879,nan,0
Ochota,2025,greedy-cost,nan,0.026471,nan,0
Praga-Południe,2023,greedy-cost,nan,0.023654,nan,0
Praga-Południe,2024,greedy-cost,nan,0.017474,nan,0
Praga-Południe,2025,greedy-cost,nan,0.052886,nan,0
Praga-Północ,2023,greedy-cost,nan,0.048827,nan,0
Praga-Północ,2024,greedy-cost,nan,0.03238,nan,0
Praga-Północ,2025,greedy-cost,nan,0.014318,nan,0
Rembertów,2023,greedy-cost,nan,0.112809,nan,0
Rembertów,2024,greedy-cost,nan,0.092012,nan,0
Rembertów,2025,greedy-cost,nan,0.009003,nan,0
Targówek,2023,greedy-cost,nan,0.026386,nan,0
Targówek,2024,greedy-cost,nan,0.019239,nan,0
Targówek,2025,greedy-cost,nan,0.022937,nan,0
Ursus,2023,greedy-cost,nan,0.060449,nan,0
Ursus,2024,greedy-cost,nan,0.036252,nan,0
Ursus,2025,greedy-cost,nan,0.054173,nan,0
Ursynów,2023,greedy-cost,nan,0.03322,nan,0
Ursynów,2024,greedy-cost,nan,0.037517,nan,0
Ursynów,2025,greedy-cost,nan,0.021273,nan,0
Wawer,2023,greedy-cost,nan,0.017853,nan,0
Wawer,2024,greedy-cost,nan,0.042192,nan,0
Wawer,2025,greedy-cost,nan,0.046333,nan,0
Wesoła,2023,greedy-cost,nan,0.115956,nan,0
Wesoła,2024,greedy-cost,nan,0.071879,nan,0
Wesoła,2025,greedy-cost,nan,0.011943,nan,0
Wilanów,2023,greedy-cost,nan,0.302667,nan,0
Wilanów,2024,greedy-cost,nan,0.287661,nan,0
Wilanów,2025,greedy-cost,nan,0.313826,nan,0
Wola,2023,greedy-cost,nan,0.039902,nan,0
Wola,2024,greedy-cost,nan,0.036832,nan,0
Wola,2025,greedy-cost,nan,0.051544,nan,0
Włochy,2023,greedy-cost,nan,0.062144,nan,0
Włochy,2024,greedy-cost,nan,0.109516,nan,0
Włochy,2025,greedy-cost,nan,0.241675,nan,0
Śródmieście,2023,greedy-cost,nan,0.027943,nan,0
Śródmieście,2024,greedy-cost,nan,0.024206,nan,0
Śródmieście,2025,greedy-cost,nan,0.201136,nan,0
Żoliborz,2023,greedy-cost,nan,0.028471,nan,0
Żoliborz,2024,greedy-cost,nan,0.056735,nan,0
Żoliborz,2025,greedy-cost,nan,0.053462,nan,0
Bemowo,2023,learned-outcome-f1.0,nan,0.031759,nan,0
Bemowo,2024,learned-outcome-f1.0,nan,0.012664,nan,0
Bemowo,2025,learned-outcome-f1.0,nan,0.01294,nan,0
Białołęka,2023,learned-outcome-f1.0,nan,0.064593,nan,0
Białołęka,2024,learned-outcome-f1.0,nan,0.036131,nan,0
Białołęka,2025,learned-outcome-f1.0,nan,0.024916,nan,0
Bielany,2023,learned-outcome-f1.0,nan,0.009453,nan,0
Bielany,2024,learned-outcome-f1.0,nan,0.010376,nan,0
Bielany,2025,learned-outcome-f1.0,nan,0.028995,nan,0
Mokotów,2023,learned-outcome-f1.0,nan,0.027431,nan,0
Mokotów,2024,learned-outcome-f1.0,nan,0.035803,nan,0
Mokotów,2025,learned-outcome-f1.0,nan,0.062011,nan,0
Ochota,2023,learned-outcome-f1.0,nan,0.046558,nan,0
Ochota,2024,learned-outcome-f1.0,nan,0.035879,nan,0
Ochota,2025,learned-outcome-f1.0,nan,0.026471,nan,0
Praga-Południe,2023,learned-outcome-f1.0,nan,0.023654,nan,0
Praga-Południe,2024,learned-outcome-f1.0,nan,0.017474,nan,0
Praga-Południe,2025,learned-outcome-f1.0,nan,0.052886,nan,0
Praga-Północ,2023,learned-outcome-f1.0,nan,0.060361,nan,0
Praga-Północ,2024,learned-outcome-f1.0,nan,0.03238,nan,0
Praga-Północ,2025,learned-outcome-f1.0,nan,0.014318,nan,0
Rembertów,2023,learned-outcome-f1.0,nan,0.112809,nan,0
Rembertów,2024,learned-outcome-f1.0,nan,0.092012,nan,0
Rembertów,2025,learned-outcome-f1.0,nan,0.009003,nan,0
Targówek,2023,learned-outcome-f1.0,nan,0.026386,nan,0
Targówek,2024,learned-outcome-f1.0,nan,0.013568,nan,0
Targówek,2025,learned-outcome-f1.0,nan,0.022937,nan,0
Ursus,2023,learned-outcome-f1.0,nan,0.060449,nan,0
Ursus,2024,learned-outcome-f1.0,nan,0.036252,nan,0
Ursus,2025,learned-outcome-f1.0,nan,0.054173,nan,0
Ursynów,2023,learned-outcome-f1.0,nan,0.03322,nan,0
Ursynów,2024,learned-outcome-f1.0,nan,0.037517,nan,0
Ursynów,2025,learned-outcome-f1.0,nan,0.019025,nan,0
Wawer,2023,learned-outcome-f1.0,nan,0.017853,nan,0
Wawer,2024,learned-outcome-f1.0,nan,0.042192,nan,0
Wawer,2025,learned-outcome-f1.0,nan,0.046333,nan,0
Wesoła,2023,learned-outcome-f1.0,nan,0.115956,nan,0
Wesoła,2024,learned-outcome-f1.0,nan,0.069987,nan,0
Wesoła,2025,learned-outcome-f1.0,nan,0.011943,nan,0
Wilanów,2023,learned-outcome-f1.0,nan,0.258574,nan,0
Wilanów,2024,learned-outcome-f1.0,nan,0.287661,nan,0
Wilanów,2025,learned-outcome-f1.0,nan,0.313826,nan,0
Wola,2023,learned-outcome-f1.0,nan,0.039902,nan,0
Wola,2024,learned-outcome-f1.0,nan,0.030693,nan,0
Wola,2025,learned-outcome-f1.0,nan,0.051544,nan,0
Włochy,2023,learned-outcome-f1.0,nan,0.022805,nan,0
Włochy,2024,learned-outcome-f1.0,nan,0.080276,nan,0
Włochy,2025,learned-outcome-f1.0,nan,0.241675,nan,0
Śródmieście,2023,learned-outcome-f1.0,nan,0.058358,nan,0
Śródmieście,2024,learned-outcome-f1.0,nan,0.024206,nan,0
Śródmieście,2025,learned-outcome-f1.0,nan,0.201136,nan,0
Żoliborz,2023,learned-outcome-f1.0,nan,0.028471,nan,0
Żoliborz,2024,learned-outcome-f1.0,nan,0.056735,nan,0
Żoliborz,2025,learned-outcome-f1.0,nan,0.053462,nan,0
Bemowo,2023,learned-outcome-f0.0,nan,0.038481,nan,0
Bemowo,2024,learned-outcome-f0.0,nan,0.065939,nan,0
Bemowo,2025,learned-outcome-f0.0,nan,0.028638,nan,0
Białołęka,2023,learned-outcome-f0.0,nan,0.114343,nan,0
Białołęka,2024,learned-outcome-f0.0,nan,0.069473,nan,0
Białołęka,2025,learned-outcome-f0.0,nan,0.02782,nan,0
Bielany,2023,learned-outcome-f0.0,nan,0.141065,nan,0
Bielany,2024,learned-outcome-f0.0,nan,0.021974,nan,0
Bielany,2025,learned-outcome-f0.0,nan,0.028995,nan,0
Mokotów,2023,learned-outcome-f0.0,nan,0.028913,nan,0
Mokotów,2024,learned-outcome-f0.0,nan,0.040131,nan,0
Mokotów,2025,learned-outcome-f0.0,nan,0.064474,nan,0
Ochota,2023,learned-outcome-f0.0,nan,0.105993,nan,0
Ochota,2024,learned-outcome-f0.0,nan,0.131248,nan,0
Ochota,2025,learned-outcome-f0.0,nan,0.026471,nan,0
Praga-Południe,2023,learned-outcome-f0.0,nan,0.023654,nan,0
Praga-Południe,2024,learned-outcome-f0.0,nan,0.017474,nan,0
Praga-Południe,2025,learned-outcome-f0.0,nan,0.054176,nan,0
Praga-Północ,2023,learned-outcome-f0.0,nan,0.079585,nan,0
Praga-Północ,2024,learned-outcome-f0.0,nan,0.043173,nan,0
Praga-Północ,2025,learned-outcome-f0.0,nan,0.014318,nan,0
Rembertów,2023,learned-outcome-f0.0,nan,0.186317,nan,0
Rembertów,2024,learned-outcome-f0.0,nan,0.132457,nan,0
Rembertów,2025,learned-outcome-f0.0,nan,0.137621,nan,0
Targówek,2023,learned-outcome-f0.0,nan,0.041907,nan,0
Targówek,2024,learned-outcome-f0.0,nan,0.053665,nan,0
Targówek,2025,learned-outcome-f0.0,nan,0.022937,nan,0
Ursus,2023,learned-outcome-f0.0,nan,0.060449,nan,0
Ursus,2024,learned-outcome-f0.0,nan,0.048089,nan,0
Ursus,2025,learned-outcome-f0.0,nan,0.099561,nan,0
Ursynów,2023,learned-outcome-f0.0,nan,0.047189,nan,0
Ursynów,2024,learned-outcome-f0.0,nan,0.042506,nan,0
Ursynów,2025,learned-outcome-f0.0,nan,0.019025,nan,0
Wawer,2023,learned-outcome-f0.0,nan,0.083386,nan,0
Wawer,2024,learned-outcome-f0.0,nan,0.07032,nan,0
Wawer,2025,learned-outcome-f0.0,nan,0.046333,nan,0
Wesoła,2023,learned-outcome-f0.0,nan,0.115956,nan,0
Wesoła,2024,learned-outcome-f0.0,nan,0.071879,nan,0
Wesoła,2025,learned-outcome-f0.0,nan,0.026274,nan,0
Wilanów,2023,learned-outcome-f0.0,nan,0.258574,nan,0
Wilanów,2024,learned-outcome-f0.0,nan,0.33429,nan,0
Wilanów,2025,learned-outcome-f0.0,nan,0.313826,nan,0
Wola,2023,learned-outcome-f0.0,nan,0.062225,nan,0
Wola,2024,learned-outcome-f0.0,nan,0.048515,nan,0
Wola,2025,learned-outcome-f0.0,nan,0.071496,nan,0
Włochy,2023,learned-outcome-f0.0,nan,0.022805,nan,0
Włochy,2024,learned-outcome-f0.0,nan,0.080276,nan,0
Włochy,2025,learned-outcome-f0.0,nan,0.28687,nan,0
Śródmieście,2023,learned-outcome-f0.0,nan,0.100148,nan,0
Śródmieście,2024,learned-outcome-f0.0,nan,0.071577,nan,0
Śródmieście,2025,learned-outcome-f0.0,nan,0.242783,nan,0
Żoliborz,2023,learned-outcome-f0.0,nan,0.028471,nan,0
Żoliborz,2024,learned-outcome-f0.0,nan,0.174851,nan,0
Żoliborz,2025,learned-outcome-f0.0,nan,0.064417,nan,0
