row_type,scope,policy,n_series,n_elections,worst_csd,welfare,cost_welfare,exclusion,delta_vs_mes,welfare_ratio_vs_mes,exclusion_delta_vs_mes
series,Poland/Gdynia/Babie Doły | large,historical,1,1,0.269747340426,188.0,38540000.0,0.641904761905,0.0,1.0,0.0
series,Poland/Gdynia/Babie Doły | large,greedy-count,1,1,0.269747340426,188.0,38540000.0,0.641904761905,0.0,1.0,0.0
series,Poland/Gdynia/Babie Doły | large,greedy-cost,1,1,0.455355276952,240.0,19692350.0,0.615238095238,0.185607936526,1.276595744681,-0.026666666667
series,Poland/Gdynia/Babie Doły | large,mes,1,1,0.269747340426,188.0,38540000.0,0.641904761905,0.0,1.0,0.0
series,Poland/Gdynia/Babie Doły | large,res-1.0,1,1,0.269747340426,188.0,38540000.0,0.641904761905,0.0,1.0,0.0
series,Poland/Gdynia/Babie Doły | large,learned-endowment,1,1,0.269747340426,188.0,38540000.0,0.641904761905,0.0,1.0,0.0
series,Poland/Gdynia/Babie Doły | large,learned-outcome-f1.00,1,1,0.455355276952,240.0,19692350.0,0.615238095238,0.185607936526,1.276595744681,-0.026666666667
series,Poland/Gdynia/Babie Doły | large,learned-outcome-f0.85,1,1,0.224402854266,227.0,16751000.0,0.594285714286,-0.045344486159,1.207446808511,-0.047619047619
series,Poland/Gdynia/Babie Doły | small,historical,1,2,0.216344370067,686.0,9204400.0,0.240802083012,0.062240085728,0.880616174583,0.035805626598
series,Poland/Gdynia/Babie Doły | small,greedy-count,1,2,0.15410428434,779.0,9669400.0,0.204996456414,0.0,1.0,0.0
series,Poland/Gdynia/Babie Doły | small,greedy-cost,1,2,0.19865267278,750.0,8101400.0,0.241283548516,0.044548388441,0.962772785623,0.036287092102
series,Poland/Gdynia/Babie Doły | small,mes,1,2,0.15410428434,779.0,9669400.0,0.204996456414,0.0,1.0,0.0
series,Poland/Gdynia/Babie Doły | small,res-1.0,1,2,0.15410428434,779.0,9669400.0,0.204996456414,0.0,1.0,0.0
series,Poland/Gdynia/Babie Doły | small,learned-endowment,1,2,0.15410428434,779.0,9669400.0,0.204996456414,0.0,1.0,0.0
series,Poland/Gdynia/Babie Doły | small,learned-outcome-f1.00,1,2,0.179618334246,766.0,7460350.0,0.250234955166,0.025514049906,0.983311938383,0.045238498752
series,Poland/Gdynia/Babie Doły | small,learned-outcome-f0.85,1,2,0.19865267278,750.0,8101400.0,0.241283548516,0.044548388441,0.962772785623,0.036287092102
series,Poland/Gdynia/Chwarzno-Wiczlino | large,historical,1,1,0.206287004302,1389.0,416700000.0,0.481135599552,-0.006615251499,0.348033074417,0.325737766156
series,Poland/Gdynia/Chwarzno-Wiczlino | large,greedy-count,1,1,0.11989687956,4351.0,803098000.0,0.124019424729,-0.093005376241,1.090202956652,-0.031378408666
series,Poland/Gdynia/Chwarzno-Wiczlino | large,greedy-cost,1,1,0.084405538983,3599.0,467934000.0,0.160254015689,-0.128496716818,0.901779002756,0.004856182294
series,Poland/Gdynia/Chwarzno-Wiczlino | large,mes,1,1,0.212902255801,3991.0,680249000.0,0.155397833396,0.0,1.0,0.0
series,Poland/Gdynia/Chwarzno-Wiczlino | large,res-1.0,1,1,0.212902255801,3991.0,680249000.0,0.155397833396,0.0,1.0,0.0
series,Poland/Gdynia/Chwarzno-Wiczlino | large,learned-endowment,1,1,0.212902255801,3991.0,680249000.0,0.155397833396,0.0,1.0,0.0
series,Poland/Gdynia/Chwarzno-Wiczlino | large,learned-outcome-f1.00,1,1,0.084405538983,3599.0,467934000.0,0.160254015689,-0.128496716818,0.901779002756,0.004856182294
series,Poland/Gdynia/Chwarzno-Wiczlino | large,learned-outcome-f0.85,1,1,0.084405538983,3599.0,467934000.0,0.160254015689,-0.128496716818,0.901779002756,0.004856182294
series,Poland/Gdynia/Chwarzno-Wiczlino | small,historical,1,1,0.06645199818,8182.0,76468500.0,0.004103535354,0.0,1.0,0.0
series,Poland/Gdynia/Chwarzno-Wiczlino | small,greedy-count,1,1,0.06645199818,8182.0,76468500.0,0.004103535354,0.0,1.0,0.0
series,Poland/Gdynia/Chwarzno-Wiczlino | small,greedy-cost,1,1,0.06645199818,8182.0,76468500.0,0.004103535354,0.0,1.0,0.0
series,Poland/Gdynia/Chwarzno-Wiczlino | small,mes,1,1,0.06645199818,8182.0,76468500.0,0.004103535354,0.0,1.0,0.0
series,Poland/Gdynia/Chwarzno-Wiczlino | small,res-1.0,1,1,0.06645199818,8182.0,76468500.0,0.004103535354,0.0,1.0,0.0
series,Poland/Gdynia/Chwarzno-Wiczlino | small,learned-endowment,1,1,0.06645199818,8182.0,76468500.0,0.004103535354,0.0,1.0,0.0
series,Poland/Gdynia/Chwarzno-Wiczlino | small,learned-outcome-f1.00,1,1,0.06645199818,8182.0,76468500.0,0.004103535354,0.0,1.0,0.0
series,Poland/Gdynia/Chwarzno-Wiczlino | small,learned-outcome-f0.85,1,1,0.06645199818,8182.0,76468500.0,0.004103535354,0.0,1.0,0.0
series,Poland/Gdynia/Działki Leśne | small,historical,1,1,0.36935184065,730.0,10377100.0,0.320153061224,0.034396168665,0.745658835546,0.098214285714
series,Poland/Gdynia/Działki Leśne | small,greedy-count,1,1,0.334955671985,979.0,12349180.0,0.22193877551,0.0,1.0,0.0
series,Poland/Gdynia/Działki Leśne | small,greedy-cost,1,1,0.334955671985,979.0,12349180.0,0.22193877551,0.0,1.0,0.0
series,Poland/Gdynia/Działki Leśne | small,mes,1,1,0.334955671985,979.0,12349180.0,0.22193877551,0.0,1.0,0.0
series,Poland/Gdynia/Działki Leśne | small,res-1.0,1,1,0.334955671985,979.0,12349180.0,0.22193877551,0.0,1.0,0.0
series,Poland/Gdynia/Działki Leśne | small,learned-endowment,1,1,0.334955671985,979.0,12349180.0,0.22193877551,0.0,1.0,0.0
series,Poland/Gdynia/Działki Leśne | small,learned-outcome-f1.00,1,1,0.334955671985,979.0,12349180.0,0.22193877551,0.0,1.0,0.0
series,Poland/Gdynia/Działki Leśne | small,learned-outcome-f0.85,1,1,0.334955671985,979.0,12349180.0,0.22193877551,0.0,1.0,0.0
series,Poland/Gdynia/Kamienna Góra | small,historical,1,1,0.226784708567,821.0,11045746.0,0.14465408805,0.0,1.0,0.0
series,Poland/Gdynia/Kamienna Góra | small,greedy-count,1,1,0.226784708567,821.0,11045746.0,0.14465408805,0.0,1.0,0.0
series,Poland/Gdynia/Kamienna Góra | small,greedy-cost,1,1,0.155812736706,785.0,9884328.0,0.12893081761,-0.070971971861,0.956151035323,-0.01572327044
series,Poland/Gdynia/Kamienna Góra | small,mes,1,1,0.226784708567,821.0,11045746.0,0.14465408805,0.0,1.0,0.0
series,Poland/Gdynia/Kamienna Góra | small,res-1.0,1,1,0.226784708567,821.0,11045746.0,0.14465408805,0.0,1.0,0.0
series,Poland/Gdynia/Kamienna Góra | small,learned-endowment,1,1,0.226784708567,821.0,11045746.0,0.14465408805,0.0,1.0,0.0
series,Poland/Gdynia/Kamienna Góra | small,learned-outcome-f1.00,1,1,0.155812736706,785.0,9884328.0,0.12893081761,-0.070971971861,0.956151035323,-0.01572327044
series,Poland/Gdynia/Kamienna Góra | small,learned-outcome-f0.85,1,1,0.155812736706,785.0,9884328.0,0.12893081761,-0.070971971861,0.956151035323,-0.01572327044
series,Poland/Gdynia/Mały Kack | small,historical,1,1,0.132515628753,3535.0,35343150.0,0.090350047304,-0.032678596656,0.971420719978,-0.010406811731
series,Poland/Gdynia/Mały Kack | small,greedy-count,1,1,0.132515628753,3535.0,35343150.0,0.090350047304,-0.032678596656,0.971420719978,-0.010406811731
series,Poland/Gdynia/Mały Kack | small,greedy-cost,1,1,0.165194225409,3639.0,32334540.0,0.100756859035,0.0,1.0,0.0
series,Poland/Gdynia/Mały Kack | small,mes,1,1,0.165194225409,3639.0,32334540.0,0.100756859035,0.0,1.0,0.0
series,Poland/Gdynia/Mały Kack | small,res-1.0,1,1,0.165194225409,3639.0,32334540.0,0.100756859035,0.0,1.0,0.0
series,Poland/Gdynia/Mały Kack | small,learned-endowment,1,1,0.165194225409,3639.0,32334540.0,0.100756859035,0.0,1.0,0.0
series,Poland/Gdynia/Mały Kack | small,learned-outcome-f1.00,1,1,0.165194225409,3639.0,32334540.0,0.100756859035,0.0,1.0,0.0
series,Poland/Gdynia/Mały Kack | small,learned-outcome-f0.85,1,1,0.165194225409,3639.0,32334540.0,0.100756859035,0.0,1.0,0.0
series,Poland/Gdynia/Wielki Kack | large,historical,1,2,0.081743883737,3076.0,1371438900.0,0.429778081798,-0.132499710146,0.841586867305,0.041401273885
series,Poland/Gdynia/Wielki Kack | large,greedy-count,1,2,0.081743883737,3076.0,1371438900.0,0.429778081798,-0.132499710146,0.841586867305,0.041401273885
series,Poland/Gdynia/Wielki Kack | large,greedy-cost,1,2,0.144059515161,3352.0,882729640.0,0.4627966488,-0.070184078721,0.917099863201,0.074419840888
series,Poland/Gdynia/Wielki Kack | large,mes,1,2,0.214243593883,3655.0,1221404160.0,0.388376807912,0.0,1.0,0.0
series,Poland/Gdynia/Wielki Kack | large,res-1.0,1,2,0.214243593883,3655.0,1221404160.0,0.388376807912,0.0,1.0,0.0
series,Poland/Gdynia/Wielki Kack | large,learned-endowment,1,2,0.214243593883,3655.0,1221404160.0,0.388376807912,0.0,1.0,0.0
series,Poland/Gdynia/Wielki Kack | large,learned-outcome-f1.00,1,2,0.144059515161,3352.0,882729640.0,0.4627966488,-0.070184078721,0.917099863201,0.074419840888
series,Poland/Gdynia/Wielki Kack | large,learned-outcome-f0.85,1,2,0.144059515161,3352.0,882729640.0,0.4627966488,-0.070184078721,0.917099863201,0.074419840888
series,Poland/Gdynia/Wielki Kack | small,historical,1,1,0.165758456977,2660.0,39802840.0,0.084465445954,0.0,1.0,0.0
series,Poland/Gdynia/Wielki Kack | small,greedy-count,1,1,0.165758456977,2660.0,39802840.0,0.084465445954,0.0,1.0,0.0
series,Poland/Gdynia/Wielki Kack | small,greedy-cost,1,1,0.165758456977,2660.0,39802840.0,0.084465445954,0.0,1.0,0.0
series,Poland/Gdynia/Wielki Kack | small,mes,1,1,0.165758456977,2660.0,39802840.0,0.084465445954,0.0,1.0,0.0
series,Poland/Gdynia/Wielki Kack | small,res-1.0,1,1,0.165758456977,2660.0,39802840.0,0.084465445954,0.0,1.0,0.0
series,Poland/Gdynia/Wielki Kack | small,learned-endowment,1,1,0.165758456977,2660.0,39802840.0,0.084465445954,0.0,1.0,0.0
series,Poland/Gdynia/Wielki Kack | small,learned-outcome-f1.00,1,1,0.165758456977,2660.0,39802840.0,0.084465445954,0.0,1.0,0.0
series,Poland/Gdynia/Wielki Kack | small,learned-outcome-f0.85,1,1,0.165758456977,2660.0,39802840.0,0.084465445954,0.0,1.0,0.0
series,Poland/Gdynia/Wzgórze Św. Maksymiliana | small,historical,1,1,0.453375374754,569.0,10722805.0,0.578518518519,0.239369537674,0.625274725275,0.214074074074
series,Poland/Gdynia/Wzgórze Św. Maksymiliana | small,greedy-count,1,1,0.214005837081,910.0,14814805.0,0.364444444444,0.0,1.0,0.0
series,Poland/Gdynia/Wzgórze Św. Maksymiliana | small,greedy-cost,1,1,0.214005837081,910.0,14814805.0,0.364444444444,0.0,1.0,0.0
series,Poland/Gdynia/Wzgórze Św. Maksymiliana | small,mes,1,1,0.214005837081,910.0,14814805.0,0.364444444444,0.0,1.0,0.0
series,Poland/Gdynia/Wzgórze Św. Maksymiliana | small,res-1.0,1,1,0.214005837081,910.0,14814805.0,0.364444444444,0.0,1.0,0.0
series,Poland/Gdynia/Wzgórze Św. Maksymiliana | small,learned-endowment,1,1,0.214005837081,910.0,14814805.0,0.364444444444,0.0,1.0,0.0
series,Poland/Gdynia/Wzgórze Św. Maksymiliana | small,learned-outcome-f1.00,1,1,0.214005837081,910.0,14814805.0,0.364444444444,0.0,1.0,0.0
series,Poland/Gdynia/Wzgórze Św. Maksymiliana | small,learned-outcome-f0.85,1,1,0.214005837081,910.0,14814805.0,0.364444444444,0.0,1.0,0.0
series,Poland/Lublin/hard,historical,1,1,0.22983507357,8853.0,9025226119.0,0.534662336208,0.0,1.0,0.0
series,Poland/Lublin/hard,greedy-count,1,1,0.22983507357,8853.0,9025226119.0,0.534662336208,0.0,1.0,0.0
series,Poland/Lublin/hard,greedy-cost,1,1,0.20198407105,8620.0,7689930800.0,0.548493672304,-0.02785100252,0.973681237998,0.013831336096
series,Poland/Lublin/hard,mes,1,1,0.22983507357,8853.0,9025226119.0,0.534662336208,0.0,1.0,0.0
series,Poland/Lublin/hard,res-1.0,1,1,0.22983507357,8853.0,9025226119.0,0.534662336208,0.0,1.0,0.0
series,Poland/Lublin/hard,learned-endowment,1,1,0.22983507357,8853.0,9025226119.0,0.534662336208,0.0,1.0,0.0
series,Poland/Lublin/hard,learned-outcome-f1.00,1,1,0.20198407105,8620.0,7689930800.0,0.548493672304,-0.02785100252,0.973681237998,0.013831336096
series,Poland/Lublin/hard,learned-outcome-f0.85,1,1,0.310183748707,7492.0,6336330800.0,0.614010527495,0.080348675136,0.846266802214,0.079348191287
series,Poland/Lublin/soft,historical,1,1,0.136145624262,8569.0,2336463745.0,0.377055341539,0.036301992892,0.894934725849,0.097998684581
series,Poland/Lublin/soft,greedy-count,1,1,0.136145624262,8569.0,2336463745.0,0.377055341539,0.036301992892,0.894934725849,0.097998684581
series,Poland/Lublin/soft,greedy-cost,1,1,0.175343829112,9573.0,2055451945.0,0.277365404491,0.075500197742,0.999791122715,-0.001691252466
series,Poland/Lublin/soft,mes,1,1,0.09984363137,9575.0,2187383445.0,0.279056656958,0.0,1.0,0.0
series,Poland/Lublin/soft,res-1.0,1,1,0.09984363137,9575.0,2187383445.0,0.279056656958,0.0,1.0,0.0
series,Poland/Lublin/soft,learned-endowment,1,1,0.09984363137,9575.0,2187383445.0,0.279056656958,0.0,1.0,0.0
series,Poland/Lublin/soft,learned-outcome-f1.00,1,1,0.046542390811,9355.0,2001760945.0,0.225688245795,-0.053301240559,0.977023498695,-0.053368411162
series,Poland/Lublin/soft,learned-outcome-f0.85,1,1,0.092843078912,9348.0,2007712305.0,0.22690970591,-0.007000552458,0.976292428198,-0.052146951048
series,Poland/Łódź/Bałuty-Centrum,historical,1,1,0.234480089045,4281.0,1042536000.0,0.345404538162,0.073942157448,0.584357084357,0.221636488655
series,Poland/Łódź/Bałuty-Centrum,greedy-count,1,1,0.233252741994,4320.0,1042578900.0,0.342883337153,0.072714810396,0.589680589681,0.219115287646
series,Poland/Łódź/Bałuty-Centrum,greedy-cost,1,1,0.110229126036,7812.0,462973200.0,0.108182443273,-0.050308805562,1.066339066339,-0.015585606234
series,Poland/Łódź/Bałuty-Centrum,mes,1,1,0.160537931598,7326.0,531447400.0,0.123768049507,0.0,1.0,0.0
series,Poland/Łódź/Bałuty-Centrum,res-1.0,1,1,0.160537931598,7326.0,531447400.0,0.123768049507,0.0,1.0,0.0
series,Poland/Łódź/Bałuty-Centrum,learned-endowment,1,1,0.160537931598,7326.0,531447400.0,0.123768049507,0.0,1.0,0.0
series,Poland/Łódź/Bałuty-Centrum,learned-outcome-f1.00,1,1,0.077198638615,7510.0,384939400.0,0.116662846665,-0.083339292983,1.025116025116,-0.007105202842
series,Poland/Łódź/Bałuty-Centrum,learned-outcome-f0.85,1,1,0.108597827049,7508.0,441637200.0,0.123309649324,-0.051940104549,1.024843024843,-0.000458400183
series,Poland/Łódź/CITYWIDE,historical,1,3,0.132442239009,320936.0,217317436010.0,0.296734169682,-0.037732269548,0.713295727818,0.117379507134
series,Poland/Łódź/CITYWIDE,greedy-count,1,3,0.132442239009,320936.0,217317436010.0,0.296734169682,-0.037732269548,0.713295727818,0.117379507134
series,Poland/Łódź/CITYWIDE,greedy-cost,1,3,0.070016755448,464787.0,156112879563.0,0.157943369622,-0.10015775311,1.033011508355,-0.021411292926
series,Poland/Łódź/CITYWIDE,mes,1,3,0.170174508558,449934.0,194065452050.0,0.179354662548,0.0,1.0,0.0
series,Poland/Łódź/CITYWIDE,res-1.0,1,3,0.170174508558,449934.0,194065452050.0,0.179354662548,0.0,1.0,0.0
series,Poland/Łódź/CITYWIDE,learned-endowment,1,3,0.132617891964,447075.0,192838420930.0,0.18081034163,-0.037556616593,0.993645734708,0.001455679082
series,Poland/Łódź/CITYWIDE,learned-outcome-f1.00,1,3,0.061983729795,405464.0,82276373002.0,0.170790026868,-0.108190778762,0.901163281726,-0.00856463568
series,Poland/Łódź/CITYWIDE,learned-outcome-f0.85,1,3,0.078619232231,320268.0,66752218268.0,0.232542059151,-0.091555276327,0.711811065623,0.053187396603
series,Poland/Łódź/Im. Józefa Montwiłła-Mireckiego,historical,1,1,0.16593529011,1243.0,110543000.0,0.083518930958,-0.073126081443,0.993605115907,-0.017817371938
series,Poland/Łódź/Im. Józefa Montwiłła-Mireckiego,greedy-count,1,1,0.12728028535,1262.0,110807385.0,0.076837416481,-0.111781086202,1.008792965627,-0.024498886414
series,Poland/Łódź/Im. Józefa Montwiłła-Mireckiego,greedy-cost,1,1,0.144853898732,1220.0,102865385.0,0.094654788419,-0.09420747282,0.975219824141,-0.006681514477
series,Poland/Łódź/Im. Józefa Montwiłła-Mireckiego,mes,1,1,0.239061371552,1251.0,106101000.0,0.101336302895,0.0,1.0,0.0
series,Poland/Łódź/Im. Józefa Montwiłła-Mireckiego,res-1.0,1,1,0.239061371552,1251.0,106101000.0,0.101336302895,0.0,1.0,0.0
series,Poland/Łódź/Im. Józefa Montwiłła-Mireckiego,learned-endowment,1,1,0.12728028535,1262.0,110807385.0,0.076837416481,-0.111781086202,1.008792965627,-0.024498886414
series,Poland/Łódź/Im. Józefa Montwiłła-Mireckiego,learned-outcome-f1.00,1,1,0.265894751034,1080.0,56955385.0,0.22271714922,0.026833379482,0.863309352518,0.121380846325
series,Poland/Łódź/Im. Józefa Montwiłła-Mireckiego,learned-outcome-f0.85,1,1,0.239061371552,1251.0,106101000.0,0.101336302895,0.0,1.0,0.0
series,Poland/Łódź/Ruda,historical,1,1,0.326036357772,2517.0,163041500.0,0.1264,0.00972647701,0.985512920908,0.0008
series,Poland/Łódź/Ruda,greedy-count,1,1,0.316309880762,2554.0,163226500.0,0.1256,0.0,1.0,0.0
series,Poland/Łódź/Ruda,greedy-cost,1,1,0.338129072214,2438.0,137036500.0,0.1384,0.021819191452,0.954581049334,0.0128
series,Poland/Łódź/Ruda,mes,1,1,0.316309880762,2554.0,163226500.0,0.1256,0.0,1.0,0.0
series,Poland/Łódź/Ruda,res-1.0,1,1,0.316309880762,2554.0,163226500.0,0.1256,0.0,1.0,0.0
series,Poland/Łódź/Ruda,learned-endowment,1,1,0.316309880762,2554.0,163226500.0,0.1256,0.0,1.0,0.0
series,Poland/Łódź/Ruda,learned-outcome-f1.00,1,1,0.338129072214,2438.0,137036500.0,0.1384,0.021819191452,0.954581049334,0.0128
series,Poland/Łódź/Ruda,learned-outcome-f0.85,1,1,0.338129072214,2438.0,137036500.0,0.1384,0.021819191452,0.954581049334,0.0128
series,Poland/Łódź/Stoki-Sikawa-Podgórze,historical,1,1,0.119443629056,2313.0,288585000.0,0.271643338517,-0.004113795633,0.610612460401,0.16588906169
series,Poland/Łódź/Stoki-Sikawa-Podgórze,greedy-count,1,1,0.119443629056,2313.0,288585000.0,0.271643338517,-0.004113795633,0.610612460401,0.16588906169
series,Poland/Łódź/Stoki-Sikawa-Podgórze,greedy-cost,1,1,0.100932132413,3725.0,208593000.0,0.115603939865,-0.022625292276,0.983368532207,0.009849663038
series,Poland/Łódź/Stoki-Sikawa-Podgórze,mes,1,1,0.123557424689,3788.0,212238000.0,0.105754276827,0.0,1.0,0.0
series,Poland/Łódź/Stoki-Sikawa-Podgórze,res-1.0,1,1,0.123557424689,3788.0,212238000.0,0.105754276827,0.0,1.0,0.0
series,Poland/Łódź/Stoki-Sikawa-Podgórze,learned-endowment,1,1,0.123557424689,3788.0,212238000.0,0.105754276827,0.0,1.0,0.0
series,Poland/Łódź/Stoki-Sikawa-Podgórze,learned-outcome-f1.00,1,1,0.100932132413,3725.0,208593000.0,0.115603939865,-0.022625292276,0.983368532207,0.009849663038
series,Poland/Łódź/Stoki-Sikawa-Podgórze,learned-outcome-f0.85,1,1,0.100932132413,3725.0,208593000.0,0.115603939865,-0.022625292276,0.983368532207,0.009849663038
city,Poland/Gdynia,historical,10,12,0.218836060641,21836.0,2019643441.0,0.301586522267,0.016421223377,0.846225391412,0.07048262147
city,Poland/Gdynia,greedy-count,10,12,0.176596468961,25481.0,2412570521.0,0.231065506146,-0.025818368304,0.987482560843,-3.8394651e-05
city,Poland/Gdynia,greedy-cost,10,12,0.198465193022,25096.0,1564111583.0,0.238421218615,-0.003949644243,0.972562393427,0.007317317818
city,Poland/Gdynia,mes,10,12,0.202414837265,25804.0,2136678171.0,0.231103900797,0.0,1.0,0.0
city,Poland/Gdynia,res-1.0,10,12,0.202414837265,25804.0,2136678171.0,0.231103900797,0.0,1.0,0.0
city,Poland/Gdynia,learned-endowment,10,12,0.202414837265,25804.0,2136678171.0,0.231103900797,0.0,1.0,0.0
city,Poland/Gdynia,learned-outcome-f1.00,10,12,0.196561759168,25112.0,1563470533.0,0.23931635928,-0.005853078097,0.973182452333,0.008212458483
city,Poland/Gdynia,learned-outcome-f0.85,10,12,0.175369950753,25083.0,1561170233.0,0.23632598052,-0.027044886512,0.972058595567,0.005222079722
city,Poland/Lublin,historical,2,2,0.182990348916,17422.0,11361689864.0,0.455858838873,0.018150996446,0.945409159974,0.048999342291
city,Poland/Lublin,greedy-count,2,2,0.182990348916,17422.0,11361689864.0,0.455858838873,0.018150996446,0.945409159974,0.048999342291
city,Poland/Lublin,greedy-cost,2,2,0.188663950081,18193.0,9745382745.0,0.412929538397,0.023824597611,0.987247666594,0.006070041815
city,Poland/Lublin,mes,2,2,0.16483935247,18428.0,11212609564.0,0.406859496583,0.0,1.0,0.0
city,Poland/Lublin,res-1.0,2,2,0.16483935247,18428.0,11212609564.0,0.406859496583,0.0,1.0,0.0
city,Poland/Lublin,learned-endowment,2,2,0.16483935247,18428.0,11212609564.0,0.406859496583,0.0,1.0,0.0
city,Poland/Lublin,learned-outcome-f1.00,2,2,0.12426323093,17975.0,9691691745.0,0.38709095905,-0.04057612154,0.975417842414,-0.019768537533
city,Poland/Lublin,learned-outcome-f0.85,2,2,0.201513413809,16840.0,8344043105.0,0.420460116702,0.036674061339,0.913826785327,0.01360062012
city,Poland/Łódź,historical,5,7,0.195667520998,331290.0,218922141510.0,0.224740195464,-0.006260702433,0.712676910765,0.097577537108
city,Poland/Łódź,greedy-count,5,7,0.185745755234,331385.0,218922633795.0,0.222739652367,-0.016182468197,0.712881276447,0.095576994011
city,Poland/Łódź,greedy-cost,5,7,0.152832196969,479982.0,157024347648.0,0.122956908236,-0.049096026463,1.032545772535,-0.00420575012
city,Poland/Łódź,mes,5,7,0.201928223432,464853.0,195078464950.0,0.127162658356,0.0,1.0,0.0
city,Poland/Łódź,res-1.0,5,7,0.201928223432,464853.0,195078464950.0,0.127162658356,0.0,1.0,0.0
city,Poland/Łódź,learned-endowment,5,7,0.172060682873,462005.0,193856140215.0,0.122554016889,-0.029867540559,0.993873332,-0.004608641466
city,Poland/Łódź,learned-outcome-f1.00,5,7,0.168827664814,420217.0,83063897287.0,0.152834792524,-0.033100558618,0.903978246887,0.025672134168
city,Poland/Łódź,learned-outcome-f0.85,5,7,0.173067927092,335190.0,67645585968.0,0.142238390247,-0.02886029634,0.721066659783,0.015075731892
all,all-non-Warsaw,historical,17,21,0.20780464172,370548.0,232303474815.0,0.297134345749,0.009953571441,0.727870591355,0.075924269695
all,all-non-Warsaw,greedy-count,17,21,0.180039656683,374288.0,232696894180.0,0.255063000061,-0.017811413596,0.735217105199,0.033852924007
all,all-non-Warsaw,greedy-cost,17,21,0.183890636189,523271.0,168333841976.0,0.22499151789,-0.01396043409,1.027865680584,0.003781441836
all,all-non-Warsaw,mes,17,21,0.197851070279,509085.0,208427752685.0,0.221210076054,0.0,1.0,0.0
all,all-non-Warsaw,res-1.0,17,21,0.197851070279,509085.0,208427752685.0,0.221210076054,0.0,1.0,0.0
all,all-non-Warsaw,learned-endowment,17,21,0.189066499527,506237.0,207205427950.0,0.21985459327,-0.008784570753,0.994405649351,-0.001355482784
all,all-non-Warsaw,learned-outcome-f1.00,17,21,0.179898963389,463304.0,94319059565.0,0.231265851383,-0.01795210689,0.910071991907,0.010055775329
all,all-non-Warsaw,learned-outcome-f0.85,17,21,0.177768586506,377113.0,77550799306.0,0.230315999402,-0.020082483773,0.740766276751,0.009105923348
