series,city,scored_years,policy,worst_csd,worst_cohort,mean_csd,welfare,exclusion
Poland/Gdynia/Babie Doły | large,Poland/Gdynia,2023 2024 2025,greedy-cost,0.2648161683693634,age25-39|M,0.01642632494482874,1014.0,0.40837835392332855
Poland/Gdynia/Chwarzno-Wiczlino | large,Poland/Gdynia,2023 2024 2025,greedy-cost,0.1255519185613525,age60+|F,0.01893092900352503,14015.0,0.11301755159530912
Poland/Gdynia/Chylonia | large,Poland/Gdynia,2023 2024 2025,greedy-cost,0.3060854462613822,age60+|M,0.015118034691914613,2985.0,0.43141772330879863
Poland/Gdynia/Cisowa | large,Poland/Gdynia,2023 2024 2025,greedy-cost,0.13734866110975494,age40-59|M,0.01132092851083141,2810.0,0.14819219370324396
Poland/Gdynia/Działki Leśne | large,Poland/Gdynia,2023,greedy-cost,0.17815684332528411,age<25|M,0.005967169147027241,511.0,0.3487972508591065
Poland/Gdynia/Dąbrowa | large,Poland/Gdynia,2023 2024 2025,greedy-cost,0.08899018445653788,age25-39|M,0.0011644473794849898,2166.0,0.37782765043404537
Poland/Gdynia/Grabówek | large,Poland/Gdynia,2023 2024 2025,greedy-cost,0.10895440754431479,age40-59|M,-0.005872613648746269,1022.0,0.403900103294815
Poland/Gdynia/Green Budget,Poland/Gdynia,2023 2024 2025,greedy-cost,0.0463794881064756,age60+|F,0.003391615335293908,52104.0,0.21812626097523125
Poland/Gdynia/Kamienna Góra | large,Poland/Gdynia,2023 2024 2025,greedy-cost,0.2462705440902653,age60+|M,0.015517166425698678,673.0,0.28395635812515607
Poland/Gdynia/Karwiny | large,Poland/Gdynia,2023 2024 2025,greedy-cost,0.11857679911771221,age<25|F,0.008438613232941431,2099.0,0.08192883895131085
Poland/Gdynia/Leszczynki | large,Poland/Gdynia,2023 2024 2025,greedy-cost,0.1337436630212736,age60+|M,0.01341925854434138,1104.0,0.248475883800256
Poland/Gdynia/Mały Kack | large,Poland/Gdynia,2023 2024 2025,greedy-cost,0.06775933042373984,age25-39|M,-0.0015144813015543362,5283.0,0.1758478195986286
Poland/Gdynia/Obłuże | large,Poland/Gdynia,2023 2024 2025,greedy-cost,0.07414202564077883,age40-59|M,0.003101706494999598,3954.0,0.257203378878405
Poland/Gdynia/Oksywie | large,Poland/Gdynia,2023 2024 2025,greedy-cost,0.10501473354100087,age60+|M,0.01625408727989109,1304.0,0.4819955717729529
Poland/Gdynia/Orłowo | large,Poland/Gdynia,2023 2024 2025,greedy-cost,0.11450803019472215,age60+|M,-0.0006281914067930408,1005.0,0.23660474867144457
Poland/Gdynia/Pogórze | large,Poland/Gdynia,2023 2024 2025,greedy-cost,0.10250358719492408,age<25|F,0.010595224121304618,1755.0,0.1685962248311791
Poland/Gdynia/Pustki Cisowskie-Demptowo | large,Poland/Gdynia,2023 2024 2025,greedy-cost,0.09067155670692206,age<25|F,0.005235384484775276,2392.0,0.3877406691034297
Poland/Gdynia/Redłowo | large,Poland/Gdynia,2023 2024 2025,greedy-cost,0.06335404873732539,age60+|F,0.005441116883152899,1999.0,0.2261125749743488
Poland/Gdynia/Wielki Kack | large,Poland/Gdynia,2023 2024 2025,greedy-cost,0.11748668199457268,age60+|M,0.014947280729828689,4925.0,0.3085310992001307
Poland/Gdynia/Witomino | large,Poland/Gdynia,2023 2024 2025,greedy-cost,0.17330366586156512,age60+|M,0.019230972846449874,4014.0,0.21696625391261026
Poland/Gdynia/Wzgórze Św. Maksymiliana | large,Poland/Gdynia,2023 2024 2025,greedy-cost,0.16066946199563342,age25-39|F,-0.009203654822974496,1022.0,0.5291373273286389
Poland/Gdynia/Śródmieście | large,Poland/Gdynia,2023 2024 2025,greedy-cost,0.12740157122683668,age60+|F,0.010144568271643258,1124.0,0.4972538101191384
Poland/Łódź/Andrzejów,Poland/Łódź,2023 2024 2025,greedy-cost,0.1703952153971216,age<25|F,0.012668457082025597,5834.0,0.23671902630293287
Poland/Łódź/Bałuty Zachodnie,Poland/Łódź,2023 2024 2025,greedy-cost,0.1385225149393111,age<25|M,-0.019307803142266714,17903.0,0.12458242736243863
Poland/Łódź/Bałuty-Centrum,Poland/Łódź,2023 2024 2025,greedy-cost,0.08104083260002604,age<25|M,0.010726149825743875,22937.0,0.13112188714296683
Poland/Łódź/Bałuty-Doły,Poland/Łódź,2023 2024 2025,greedy-cost,0.10932928116404762,age60+|M,0.008481481978340344,19227.0,0.17155429797943322
Poland/Łódź/Chojny,Poland/Łódź,2023 2024 2025,greedy-cost,0.04528550668184651,age25-39|M,-0.0003237516493471025,20532.0,0.12424104582945202
Poland/Łódź/Chojny-Dąbrowa,Poland/Łódź,2023 2024 2025,greedy-cost,0.09353856110280405,age<25|F,0.010386842940688621,20631.0,0.22668014833124442
Poland/Łódź/Dolina Łódki,Poland/Łódź,2023 2024 2025,greedy-cost,0.41720431297139837,age60+|M,0.020558340177798493,2382.0,0.5748510411318538
Poland/Łódź/Górniak,Poland/Łódź,2023 2024 2025,greedy-cost,0.12286522676054148,age<25|M,0.010572065478386267,6123.0,0.19733332603280498
Poland/Łódź/Im. Józefa Montwiłła-Mireckiego,Poland/Łódź,2023 2024 2025,greedy-cost,0.1479765762571765,age<25|M,0.014785998673834313,3022.0,0.06225364518222981
Poland/Łódź/Julianów-Marysin-Rogi,Poland/Łódź,2023 2024 2025,greedy-cost,0.08238361556766906,age25-39|F,0.00026514435844686825,12057.0,0.08138062278478449
Poland/Łódź/Karolew-Retkinia Wschód,Poland/Łódź,2023 2024 2025,greedy-cost,0.07609529605809322,age60+|F,0.0015082715528457493,22468.0,0.13444890503190152
Poland/Łódź/Katedralna,Poland/Łódź,2023 2024 2025,greedy-cost,0.12501725951808124,age<25|M,0.021083477469378185,11600.0,0.12445549819347641
Poland/Łódź/Koziny,Poland/Łódź,2023 2024 2025,greedy-cost,0.11325636831382922,age25-39|M,0.005627108470255739,9577.0,0.094333398260544
Poland/Łódź/Lublinek-Pienista,Poland/Łódź,2023 2024 2025,greedy-cost,0.10742698164217392,age<25|F,0.007980035851942253,13291.0,0.1295314802777199
Poland/Łódź/Mileszki,Poland/Łódź,2023 2024 2025,greedy-cost,0.19980741104058514,age25-39|M,-0.003210359614733418,2513.0,0.3030061784129748
Poland/Łódź/Nad Nerem,Poland/Łódź,2023 2024 2025,greedy-cost,0.09823679226470215,age25-39|M,0.011833579932112936,1634.0,0.11287754736606041
Poland/Łódź/Nowosolna,Poland/Łódź,2023 2024 2025,greedy-cost,0.043648775327603084,age<25|M,0.002758325482222261,8188.0,0.2792707319751676
Poland/Łódź/Nr 33,Poland/Łódź,2023 2024 2025,greedy-cost,0.10133587668057384,age<25|F,0.008272552698220824,2421.0,0.11306555117214202
Poland/Łódź/Olechów-Janów,Poland/Łódź,2023 2024 2025,greedy-cost,0.13770842718937557,age<25|F,0.014341036773617475,19890.0,0.12483927057035815
Poland/Łódź/Piastów-Kurak,Poland/Łódź,2023 2024 2025,greedy-cost,0.17263736040290623,age60+|M,-0.0045196792176819146,6604.0,0.20105430732172858
Poland/Łódź/Radogoszcz,Poland/Łódź,2023 2024 2025,greedy-cost,0.10154779533241587,age<25|F,-0.0011187853980895528,28983.0,0.08864890922616007
Poland/Łódź/Retkinia Zachód-Smulsko,Poland/Łódź,2023 2024 2025,greedy-cost,0.07367840367873295,age25-39|M,0.0025474612984104344,20627.0,0.08103666256108741
Poland/Łódź/Rokicie,Poland/Łódź,2023 2024 2025,greedy-cost,0.14271869871248594,age60+|M,0.002970080017005384,8148.0,0.17431102603998794
Poland/Łódź/Ruda,Poland/Łódź,2023 2024 2025,greedy-cost,0.16713976703094827,age60+|M,0.005146279285574003,8151.0,0.16684653835843313
Poland/Łódź/Stare Polesie,Poland/Łódź,2023 2024 2025,greedy-cost,0.1317405171647081,age<25|M,0.0058178393239891445,13652.0,0.09867946642625862
Poland/Łódź/Stary Widzew,Poland/Łódź,2023 2024 2025,greedy-cost,0.1539043997875481,age<25|M,0.018841386951539463,12224.0,0.25768085030345467
Poland/Łódź/Stoki-Sikawa-Podgórze,Poland/Łódź,2023 2024 2025,greedy-cost,0.1999168536919434,age<25|M,0.009657352423239353,10292.0,0.24747865018892745
Poland/Łódź/Teofilów-Wielkopolska,Poland/Łódź,2023 2024 2025,greedy-cost,0.24489972027219095,age<25|M,-0.014858267883084315,38474.0,0.08520886938249272
Poland/Łódź/Widzew-Wschód,Poland/Łódź,2023 2024 2025,greedy-cost,0.07080087252653625,age25-39|M,0.003199939844434528,30865.0,0.0711498246344338
Poland/Łódź/Wiskitno,Poland/Łódź,2023 2024 2025,greedy-cost,0.10236730939227459,age60+|M,0.010339082284243257,5537.0,0.3529292836565974
Poland/Łódź/Wzniesień Łódzkich,Poland/Łódź,2023 2024 2025,greedy-cost,0.1552405882398404,age25-39|F,-0.00891024516934129,2281.0,0.20703179336835745
Poland/Łódź/Zarzew,Poland/Łódź,2023 2024 2025,greedy-cost,0.10672941893270887,age60+|M,0.012357741401156905,13088.0,0.06874062504624416
Poland/Łódź/Zdrowie-Mania,Poland/Łódź,2023 2024 2025,greedy-cost,0.11802824964409644,age40-59|M,0.014701717850749524,4317.0,0.04969681987992433
Poland/Łódź/Złotno,Poland/Łódź,2023 2024 2025,greedy-cost,0.13002969200269207,age60+|F,0.01747773164819882,13643.0,0.14778189304085623
Poland/Łódź/Łagiewniki,Poland/Łódź,2023 2024 2025,greedy-cost,0.05448765147762586,age<25|M,-0.005594635891988441,5077.0,0.26086697731190156
Poland/Łódź/Śródmieście-Wschód,Poland/Łódź,2023 2024 2025,greedy-cost,0.08887778612120466,age<25|M,-0.0021051050581234257,10702.0,0.1453081224851026
Poland/Gdynia/Babie Doły | large,Poland/Gdynia,2023 2024 2025,greedy-count,0.19478761923427335,age40-59|M,0.006285179097457587,1199.0,0.2774933417597776
Poland/Gdynia/Chwarzno-Wiczlino | large,Poland/Gdynia,2023 2024 2025,greedy-count,0.18661349832555127,age60+|F,0.025874783717177684,14394.0,0.12357678157543478
Poland/Gdynia/Chylonia | large,Poland/Gdynia,2023 2024 2025,greedy-count,0.07002721834096523,age<25|F,-0.0007484140785212012,2711.0,0.4100003761568452
Poland/Gdynia/Cisowa | large,Poland/Gdynia,2023 2024 2025,greedy-count,0.0734488833247192,age40-59|F,-0.006852281212477301,2552.0,0.17948746443775776
Poland/Gdynia/Działki Leśne | large,Poland/Gdynia,2023,greedy-count,0.05193197367563701,age40-59|F,-0.002523288964902552,447.0,0.23195876288659795
Poland/Gdynia/Dąbrowa | large,Poland/Gdynia,2023 2024 2025,greedy-count,0.11541955133626866,age60+|M,0.018038824919251,1917.0,0.32882769436794534
Poland/Gdynia/Grabówek | large,Poland/Gdynia,2023 2024 2025,greedy-count,0.17689687373121168,age60+|M,0.006753211398751642,1239.0,0.3276795202249168
Poland/Gdynia/Green Budget,Poland/Gdynia,2023 2024 2025,greedy-count,0.01829924110327591,age60+|F,0.0007085812893968262,54795.0,0.1962702190011371
Poland/Gdynia/Kamienna Góra | large,Poland/Gdynia,2023 2024 2025,greedy-count,0.25663920115472066,age60+|M,0.009043927005916287,743.0,0.15917917452444305
Poland/Gdynia/Karwiny | large,Poland/Gdynia,2023 2024 2025,greedy-count,0.06429180412621707,age25-39|M,-0.0030282964248157006,1803.0,0.08286516853932584
Poland/Gdynia/Leszczynki | large,Poland/Gdynia,2023 2024 2025,greedy-count,0.1337436630212736,age60+|M,0.01341925854434138,1104.0,0.248475883800256
Poland/Gdynia/Mały Kack | large,Poland/Gdynia,2023 2024 2025,greedy-count,0.06775933042373984,age25-39|M,-0.0015144813015543362,5283.0,0.1758478195986286
Poland/Gdynia/Obłuże | large,Poland/Gdynia,2023 2024 2025,greedy-count,0.07414202564077883,age40-59|M,0.003101706494999598,3954.0,0.257203378878405
Poland/Gdynia/Oksywie | large,Poland/Gdynia,2023 2024 2025,greedy-count,0.22055482435143584,age60+|F,0.015036713019300091,1980.0,0.2742364115432044
Poland/Gdynia/Orłowo | large,Poland/Gdynia,2023 2024 2025,greedy-count,0.1790297641643652,age60+|M,0.0099416788282002,1127.0,0.14069279898591
Poland/Gdynia/Pogórze | large,Poland/Gdynia,2023 2024 2025,greedy-count,0.10250358719492408,age<25|F,0.010595224121304618,1755.0,0.1685962248311791
Poland/Gdynia/Pustki Cisowskie-Demptowo | large,Poland/Gdynia,2023 2024 2025,greedy-count,0.06135776135798428,age60+|M,0.0014920678797509905,2421.0,0.3010978996983445
Poland/Gdynia/Redłowo | large,Poland/Gdynia,2023 2024 2025,greedy-count,0.1320743093170793,age60+|M,0.012206286960989205,1468.0,0.31149471544663676
Poland/Gdynia/Wielki Kack | large,Poland/Gdynia,2023 2024 2025,greedy-count,0.06254558538573633,age40-59|F,-0.0019984723488664547,4649.0,0.2865187211983726
Poland/Gdynia/Witomino | large,Poland/Gdynia,2023 2024 2025,greedy-count,0.03931186516472954,age25-39|F,0.00353147318370905,4532.0,0.08898865765689294
Poland/Gdynia/Wzgórze Św. Maksymiliana | large,Poland/Gdynia,2023 2024 2025,greedy-count,0.14787443656821297,age60+|M,0.008437999941754818,1161.0,0.4507964632385453
Poland/Gdynia/Śródmieście | large,Poland/Gdynia,2023 2024 2025,greedy-count,0.11690071932035087,age60+|F,0.01565151560963259,1288.0,0.39510943230560747
Poland/Łódź/Andrzejów,Poland/Łódź,2023 2024 2025,greedy-count,0.11855441237309275,age60+|M,0.014501629996653005,5849.0,0.11488310071586362
Poland/Łódź/Bałuty Zachodnie,Poland/Łódź,2023 2024 2025,greedy-count,0.15688383399969422,age<25|M,-0.020714727963788777,17722.0,0.129370120636122
Poland/Łódź/Bałuty-Centrum,Poland/Łódź,2023 2024 2025,greedy-count,0.1445896473767854,age<25|M,0.006733112215630159,16623.0,0.2432497630846159
Poland/Łódź/Bałuty-Doły,Poland/Łódź,2023 2024 2025,greedy-count,0.10896950203333684,age60+|M,0.015080671348740426,14581.0,0.27206276086195447
Poland/Łódź/Chojny,Poland/Łódź,2023 2024 2025,greedy-count,0.1440473616601197,age<25|M,0.014948010873215222,16215.0,0.18423594466152748
Poland/Łódź/Chojny-Dąbrowa,Poland/Łódź,2023 2024 2025,greedy-count,0.21183801409028083,age<25|F,0.016376072640040755,13433.0,0.384356450878129
Poland/Łódź/Dolina Łódki,Poland/Łódź,2023 2024 2025,greedy-count,0.06076209710718795,age<25|M,0.0007630338719513533,1974.0,0.5660658770889181
Poland/Łódź/Górniak,Poland/Łódź,2023 2024 2025,greedy-count,0.15086648244221323,age<25|M,0.01648657648834341,6425.0,0.16125489466025597
Poland/Łódź/Im. Józefa Montwiłła-Mireckiego,Poland/Łódź,2023 2024 2025,greedy-count,0.17908425359570515,age<25|M,0.020135710113922983,2870.0,0.10503246992096547
Poland/Łódź/Julianów-Marysin-Rogi,Poland/Łódź,2023 2024 2025,greedy-count,0.086666084155993,age40-59|F,-0.011698342942273635,11455.0,0.084184803501905
Poland/Łódź/Karolew-Retkinia Wschód,Poland/Łódź,2023 2024 2025,greedy-count,0.19710683240530544,age<25|F,0.004573202180738051,14671.0,0.2687467618165159
Poland/Łódź/Katedralna,Poland/Łódź,2023 2024 2025,greedy-count,0.07067116971174328,age<25|M,0.0038479083941107863,8827.0,0.17645183980709278
Poland/Łódź/Koziny,Poland/Łódź,2023 2024 2025,greedy-count,0.04357174795029068,age40-59|M,0.008203447305030668,8012.0,0.11778674574837066
Poland/Łódź/Lublinek-Pienista,Poland/Łódź,2023 2024 2025,greedy-count,0.09152731741160945,age<25|F,0.010524090803405741,11167.0,0.14441087138682943
Poland/Łódź/Mileszki,Poland/Łódź,2023 2024 2025,greedy-count,0.061963529876048085,age<25|M,-0.0035989658133966334,2355.0,0.2618517783626932
Poland/Łódź/Nad Nerem,Poland/Łódź,2023 2024 2025,greedy-count,0.12349970314216493,age25-39|M,0.002877015310986212,1775.0,0.09554895200621134
Poland/Łódź/Nowosolna,Poland/Łódź,2023 2024 2025,greedy-count,0.05999077832595374,age40-59|M,0.00019200032958300542,7239.0,0.3098851614335277
Poland/Łódź/Nr 33,Poland/Łódź,2023 2024 2025,greedy-count,0.2549946098072175,age<25|F,0.019005242116439558,2627.0,0.07190146673832691
Poland/Łódź/Olechów-Janów,Poland/Łódź,2023 2024 2025,greedy-count,0.16312461095695435,age60+|M,0.014148375511049846,14558.0,0.2248604109910237
Poland/Łódź/Piastów-Kurak,Poland/Łódź,2023 2024 2025,greedy-count,0.17715251165566573,age<25|M,0.009162584132508913,4696.0,0.3205740913034655
Poland/Łódź/Radogoszcz,Poland/Łódź,2023 2024 2025,greedy-count,0.0517945125261969,age25-39|F,0.005031389690957506,21220.0,0.2135482275462194
Poland/Łódź/Retkinia Zachód-Smulsko,Poland/Łódź,2023 2024 2025,greedy-count,0.09080500905608112,age25-39|M,-0.0021368633451755645,18586.0,0.09287513418891323
Poland/Łódź/Rokicie,Poland/Łódź,2023 2024 2025,greedy-count,0.13756809847246096,age60+|M,0.012610389635290636,5863.0,0.326576702784547
Poland/Łódź/Ruda,Poland/Łódź,2023 2024 2025,greedy-count,0.12634915537411226,age60+|M,0.006100391671874439,8059.0,0.13491721878867333
Poland/Łódź/Stare Polesie,Poland/Łódź,2023 2024 2025,greedy-count,0.31967061752337916,age<25|M,0.020993002796318494,9149.0,0.26613044455960716
Poland/Łódź/Stary Widzew,Poland/Łódź,2023 2024 2025,greedy-count,0.1331499378899469,age60+|F,0.006997429467709386,8720.0,0.34396563969463717
Poland/Łódź/Stoki-Sikawa-Podgórze,Poland/Łódź,2023 2024 2025,greedy-count,0.0436875734707562,age60+|F,0.004324244498157033,5880.0,0.4065002250187832
Poland/Łódź/Teofilów-Wielkopolska,Poland/Łódź,2023 2024 2025,greedy-count,0.29062672310357945,age25-39|F,0.03295918014551261,30202.0,0.28606838846938415
Poland/Łódź/Widzew-Wschód,Poland/Łódź,2023 2024 2025,greedy-count,0.136248142484377,age<25|F,0.002885314704774603,20064.0,0.20066676726397328
Poland/Łódź/Wiskitno,Poland/Łódź,2023 2024 2025,greedy-count,0.09494083485602993,age25-39|F,-5.93386195513412e-05,5384.0,0.18158697074005659
Poland/Łódź/Wzniesień Łódzkich,Poland/Łódź,2023 2024 2025,greedy-count,0.10784087818046469,age25-39|F,-0.016780657482172036,2330.0,0.13336696832231695
Poland/Łódź/Zarzew,Poland/Łódź,2023 2024 2025,greedy-count,0.09583365519157439,age60+|M,0.011457403520505397,11140.0,0.11390970717184802
Poland/Łódź/Zdrowie-Mania,Poland/Łódź,2023 2024 2025,greedy-count,0.11444816873073628,age40-59|M,0.014647821199706618,4222.0,0.04748379847214637
Poland/Łódź/Złotno,Poland/Łódź,2023 2024 2025,greedy-count,0.0864486501311527,age40-59|F,-0.0024555515386102613,8852.0,0.20727110506372068
Poland/Łódź/Łagiewniki,Poland/Łódź,2023 2024 2025,greedy-count,0.15938142097336327,age25-39|F,-0.01384335140626484,4312.0,0.41690048411173325
Poland/Łódź/Śródmieście-Wschód,Poland/Łódź,2023 2024 2025,greedy-count,0.06515126657330046,age40-59|M,-0.00411534539641107,8856.0,0.18993458979332004
Poland/Gdynia/Babie Doły | large,Poland/Gdynia,2023 2024 2025,learned-endowment,0.16595293248777523,age60+|M,0.01741899693671095,1044.0,0.3627162534667075
Poland/Gdynia/Chwarzno-Wiczlino | large,Poland/Gdynia,2023 2024 2025,learned-endowment,0.16441838541768164,age60+|F,0.02380846991650849,14059.0,0.12595243116712
Poland/Gdynia/Chylonia | large,Poland/Gdynia,2023 2024 2025,learned-endowment,0.10388989224528981,age<25|F,0.0014477401142584496,3037.0,0.39733532630505325
Poland/Gdynia/Cisowa | large,Poland/Gdynia,2023 2024 2025,learned-endowment,0.13734866110975494,age40-59|M,0.01132092851083141,2810.0,0.14819219370324396
Poland/Gdynia/Działki Leśne | large,Poland/Gdynia,2023,learned-endowment,0.17815684332528411,age<25|M,0.005967169147027241,511.0,0.3487972508591065
Poland/Gdynia/Dąbrowa | large,Poland/Gdynia,2023 2024 2025,learned-endowment,0.09350773015685028,age60+|M,0.012200218880957438,2282.0,0.3361160359068968
Poland/Gdynia/Grabówek | large,Poland/Gdynia,2023 2024 2025,learned-endowment,0.10895440754431479,age40-59|M,-0.005872613648746269,1022.0,0.403900103294815
Poland/Gdynia/Green Budget,Poland/Gdynia,2023 2024 2025,learned-endowment,0.0463794881064756,age60+|F,0.003391615335293908,52104.0,0.21812626097523125
Poland/Gdynia/Kamienna Góra | large,Poland/Gdynia,2023 2024 2025,learned-endowment,0.2462705440902653,age60+|M,0.015517166425698678,673.0,0.28395635812515607
Poland/Gdynia/Karwiny | large,Poland/Gdynia,2023 2024 2025,learned-endowment,0.11857679911771221,age<25|F,0.008438613232941431,2099.0,0.08192883895131085
Poland/Gdynia/Leszczynki | large,Poland/Gdynia,2023 2024 2025,learned-endowment,0.1337436630212736,age60+|M,0.01341925854434138,1104.0,0.248475883800256
Poland/Gdynia/Mały Kack | large,Poland/Gdynia,2023 2024 2025,learned-endowment,0.06775933042373984,age25-39|M,-0.0015144813015543362,5283.0,0.1758478195986286
Poland/Gdynia/Obłuże | large,Poland/Gdynia,2023 2024 2025,learned-endowment,0.07414202564077883,age40-59|M,0.003101706494999598,3954.0,0.257203378878405
Poland/Gdynia/Oksywie | large,Poland/Gdynia,2023 2024 2025,learned-endowment,0.08962228360017006,age60+|M,-0.0006929504169276011,1753.0,0.37314708692446796
Poland/Gdynia/Orłowo | large,Poland/Gdynia,2023 2024 2025,learned-endowment,0.11450803019472215,age60+|M,-0.0006281914067930408,1005.0,0.23660474867144457
Poland/Gdynia/Pogórze | large,Poland/Gdynia,2023 2024 2025,learned-endowment,0.10250358719492408,age<25|F,0.010595224121304618,1755.0,0.1685962248311791
Poland/Gdynia/Pustki Cisowskie-Demptowo | large,Poland/Gdynia,2023 2024 2025,learned-endowment,0.1044446738828267,age<25|M,-0.0009437322168099013,2171.0,0.4115607546186089
Poland/Gdynia/Redłowo | large,Poland/Gdynia,2023 2024 2025,learned-endowment,0.16662237057071502,age60+|F,0.012426306662429148,2022.0,0.23264852268676708
Poland/Gdynia/Wielki Kack | large,Poland/Gdynia,2023 2024 2025,learned-endowment,0.11138347702804559,age25-39|M,0.010314050254655737,5228.0,0.25891787194147237
Poland/Gdynia/Witomino | large,Poland/Gdynia,2023 2024 2025,learned-endowment,0.17330366586156512,age60+|M,0.019230972846449874,4014.0,0.21696625391261026
Poland/Gdynia/Wzgórze Św. Maksymiliana | large,Poland/Gdynia,2023 2024 2025,learned-endowment,0.17011877999172945,age60+|M,0.010808962395223448,1084.0,0.5109057528560316
Poland/Gdynia/Śródmieście | large,Poland/Gdynia,2023 2024 2025,learned-endowment,0.1901995963449087,age60+|F,0.01847308945996779,1217.0,0.4485116717543585
Poland/Łódź/Andrzejów,Poland/Łódź,2023 2024 2025,learned-endowment,0.1703952153971216,age<25|F,0.012668457082025597,5834.0,0.23671902630293287
Poland/Łódź/Bałuty Zachodnie,Poland/Łódź,2023 2024 2025,learned-endowment,0.1551280458501568,age<25|M,-0.021494916789815775,17765.0,0.12434696703750338
Poland/Łódź/Bałuty-Centrum,Poland/Łódź,2023 2024 2025,learned-endowment,0.10457126807676657,age<25|M,0.007948832897350287,19102.0,0.1947675886173186
Poland/Łódź/Bałuty-Doły,Poland/Łódź,2023 2024 2025,learned-endowment,0.10749437164406271,age60+|M,0.016479256012495523,17277.0,0.21505015891136767
Poland/Łódź/Chojny,Poland/Łódź,2023 2024 2025,learned-endowment,0.06913037078777634,age60+|M,0.007761970422400922,20527.0,0.12046873167017075
Poland/Łódź/Chojny-Dąbrowa,Poland/Łódź,2023 2024 2025,learned-endowment,0.19102499143623256,age<25|M,0.010904253019098108,17589.0,0.25821396400747165
Poland/Łódź/Dolina Łódki,Poland/Łódź,2023 2024 2025,learned-endowment,0.42740845580050746,age60+|M,0.016328059308195884,2335.0,0.558096905273342
Poland/Łódź/Górniak,Poland/Łódź,2023 2024 2025,learned-endowment,0.15086648244221323,age<25|M,0.01648657648834341,6425.0,0.16125489466025597
Poland/Łódź/Im. Józefa Montwiłła-Mireckiego,Poland/Łódź,2023 2024 2025,learned-endowment,0.14802620065058542,age<25|M,0.014851726691925858,3046.0,0.05118631607481161
Poland/Łódź/Julianów-Marysin-Rogi,Poland/Łódź,2023 2024 2025,learned-endowment,0.09069838077772696,age60+|F,-0.012875554956433253,11966.0,0.08340542663191179
Poland/Łódź/Karolew-Retkinia Wschód,Poland/Łódź,2023 2024 2025,learned-endowment,0.05993841235675312,age<25|F,0.004956091121630759,22328.0,0.11401459426722564
Poland/Łódź/Katedralna,Poland/Łódź,2023 2024 2025,learned-endowment,0.09834610724445464,age<25|M,0.007400901452945153,10555.0,0.12002505227366879
Poland/Łódź/Koziny,Poland/Łódź,2023 2024 2025,learned-endowment,0.1612037895975896,age25-39|M,0.01607628658915801,9015.0,0.10248942662933834
Poland/Łódź/Lublinek-Pienista,Poland/Łódź,2023 2024 2025,learned-endowment,0.1416654627749593,age<25|M,0.010905912493660002,13356.0,0.11013039217396924
Poland/Łódź/Mileszki,Poland/Łódź,2023 2024 2025,learned-endowment,0.19980741104058514,age25-39|M,-0.003210359614733418,2513.0,0.3030061784129748
Poland/Łódź/Nad Nerem,Poland/Łódź,2023 2024 2025,learned-endowment,0.11274966546127053,age40-59|F,-0.00452129320061454,1807.0,0.10103140814656224
Poland/Łódź/Nowosolna,Poland/Łódź,2023 2024 2025,learned-endowment,0.1349655352590845,age60+|M,0.013089265683765491,8201.0,0.27777212354014297
Poland/Łódź/Nr 33,Poland/Łódź,2023 2024 2025,learned-endowment,0.2111883860998652,age<25|M,0.014704707851793097,2526.0,0.054442510954009794
Poland/Łódź/Olechów-Janów,Poland/Łódź,2023 2024 2025,learned-endowment,0.16187578512584982,age<25|M,0.01415529780620559,18824.0,0.1339214047063044
Poland/Łódź/Piastów-Kurak,Poland/Łódź,2023 2024 2025,learned-endowment,0.10643632973064325,age40-59|M,-0.0029503258030319575,6542.0,0.15801429328023492
Poland/Łódź/Radogoszcz,Poland/Łódź,2023 2024 2025,learned-endowment,0.031113067585198363,age25-39|F,-0.0004691085080510475,28227.0,0.09092522698330985
Poland/Łódź/Retkinia Zachód-Smulsko,Poland/Łódź,2023 2024 2025,learned-endowment,0.037248498127830994,age25-39|M,0.004048724201880182,20959.0,0.06606699098986506
Poland/Łódź/Rokicie,Poland/Łódź,2023 2024 2025,learned-endowment,0.08921519966631078,age<25|M,0.013519371583360052,7221.0,0.22565234888905553
Poland/Łódź/Ruda,Poland/Łódź,2023 2024 2025,learned-endowment,0.168142503558089,age60+|M,0.007091182745253473,8113.0,0.1566616819615663
Poland/Łódź/Stare Polesie,Poland/Łódź,2023 2024 2025,learned-endowment,0.17777213924902158,age<25|M,0.013841300093032862,13378.0,0.10445096230376155
Poland/Łódź/Stary Widzew,Poland/Łódź,2023 2024 2025,learned-endowment,0.22511521593137704,age<25|M,0.018938223373276133,11070.0,0.2563714354560613
Poland/Łódź/Stoki-Sikawa-Podgórze,Poland/Łódź,2023 2024 2025,learned-endowment,0.16487863736215755,age<25|M,0.0078552587900615,9471.0,0.24502239037710596
Poland/Łódź/Teofilów-Wielkopolska,Poland/Łódź,2023 2024 2025,learned-endowment,0.18810851932079478,age<25|M,-0.010793245209312779,38283.0,0.06572281691859
Poland/Łódź/Widzew-Wschód,Poland/Łódź,2023 2024 2025,learned-endowment,0.04551863094452104,age40-59|M,-0.0012608850474182525,29767.0,0.07118087815983826
Poland/Łódź/Wiskitno,Poland/Łódź,2023 2024 2025,learned-endowment,0.1583972592259294,age25-39|M,0.007496308147115213,5552.0,0.3426164012933742
Poland/Łódź/Wzniesień Łódzkich,Poland/Łódź,2023 2024 2025,learned-endowment,0.15524058823984052,age25-39|F,-0.008910245169341224,2281.0,0.20703179336835745
Poland/Łódź/Zarzew,Poland/Łódź,2023 2024 2025,learned-endowment,0.11108117180132165,age60+|M,0.013524284136045093,13154.0,0.0672467534913505
Poland/Łódź/Zdrowie-Mania,Poland/Łódź,2023 2024 2025,learned-endowment,0.14363976271840337,age40-59|M,0.004123767018478787,4337.0,0.04091793173149811
Poland/Łódź/Złotno,Poland/Łódź,2023 2024 2025,learned-endowment,0.07630380779696982,age60+|F,0.010538669331089445,12637.0,0.14780045806638328
Poland/Łódź/Łagiewniki,Poland/Łódź,2023 2024 2025,learned-endowment,0.0695568720294309,age<25|F,-0.00665012286960148,4936.0,0.3075528325072369
Poland/Łódź/Śródmieście-Wschód,Poland/Łódź,2023 2024 2025,learned-endowment,0.09729134402163199,age<25|F,-0.004584008544677409,10806.0,0.14589851096071957
Poland/Gdynia/Babie Doły | large,Poland/Gdynia,2023 2024 2025,learned-outcome-f0.85,0.2648161683693634,age25-39|M,0.01642632494482874,1014.0,0.40837835392332855
Poland/Gdynia/Chwarzno-Wiczlino | large,Poland/Gdynia,2023 2024 2025,learned-outcome-f0.85,0.1255519185613525,age60+|F,0.01893092900352503,14015.0,0.11301755159530912
Poland/Gdynia/Chylonia | large,Poland/Gdynia,2023 2024 2025,learned-outcome-f0.85,0.3060854462613822,age60+|M,0.015118034691914613,2985.0,0.43141772330879863
Poland/Gdynia/Cisowa | large,Poland/Gdynia,2023 2024 2025,learned-outcome-f0.85,0.13734866110975494,age40-59|M,0.01132092851083141,2810.0,0.14819219370324396
Poland/Gdynia/Działki Leśne | large,Poland/Gdynia,2023,learned-outcome-f0.85,0.17815684332528411,age<25|M,0.005967169147027241,511.0,0.3487972508591065
Poland/Gdynia/Dąbrowa | large,Poland/Gdynia,2023 2024 2025,learned-outcome-f0.85,0.08899018445653788,age25-39|M,0.0011644473794849898,2166.0,0.37782765043404537
Poland/Gdynia/Grabówek | large,Poland/Gdynia,2023 2024 2025,learned-outcome-f0.85,0.10895440754431479,age40-59|M,-0.005872613648746269,1022.0,0.403900103294815
Poland/Gdynia/Green Budget,Poland/Gdynia,2023 2024 2025,learned-outcome-f0.85,0.0463794881064756,age60+|F,0.003391615335293908,52104.0,0.21812626097523125
Poland/Gdynia/Kamienna Góra | large,Poland/Gdynia,2023 2024 2025,learned-outcome-f0.85,0.2462705440902653,age60+|M,0.015517166425698678,673.0,0.28395635812515607
Poland/Gdynia/Karwiny | large,Poland/Gdynia,2023 2024 2025,learned-outcome-f0.85,0.11857679911771221,age<25|F,0.008438613232941431,2099.0,0.08192883895131085
Poland/Gdynia/Leszczynki | large,Poland/Gdynia,2023 2024 2025,learned-outcome-f0.85,0.1337436630212736,age60+|M,0.01341925854434138,1104.0,0.248475883800256
Poland/Gdynia/Mały Kack | large,Poland/Gdynia,2023 2024 2025,learned-outcome-f0.85,0.06775933042373984,age25-39|M,-0.0015144813015543362,5283.0,0.1758478195986286
Poland/Gdynia/Obłuże | large,Poland/Gdynia,2023 2024 2025,learned-outcome-f0.85,0.07414202564077883,age40-59|M,0.003101706494999598,3954.0,0.257203378878405
Poland/Gdynia/Oksywie | large,Poland/Gdynia,2023 2024 2025,learned-outcome-f0.85,0.10501473354100087,age60+|M,0.01625408727989109,1304.0,0.4819955717729529
Poland/Gdynia/Orłowo | large,Poland/Gdynia,2023 2024 2025,learned-outcome-f0.85,0.11450803019472215,age60+|M,-0.0006281914067930408,1005.0,0.23660474867144457
Poland/Gdynia/Pogórze | large,Poland/Gdynia,2023 2024 2025,learned-outcome-f0.85,0.10250358719492408,age<25|F,0.010595224121304618,1755.0,0.1685962248311791
Poland/Gdynia/Pustki Cisowskie-Demptowo | large,Poland/Gdynia,2023 2024 2025,learned-outcome-f0.85,0.09067155670692206,age<25|F,0.005235384484775276,2392.0,0.3877406691034297
Poland/Gdynia/Redłowo | large,Poland/Gdynia,2023 2024 2025,learned-outcome-f0.85,0.06319977493292551,age40-59|M,-0.011893931667791544,1944.0,0.2618680536364018
Poland/Gdynia/Wielki Kack | large,Poland/Gdynia,2023 2024 2025,learned-outcome-f0.85,0.11748668199457268,age60+|M,0.014947280729828689,4925.0,0.3085310992001307
Poland/Gdynia/Witomino | large,Poland/Gdynia,2023 2024 2025,learned-outcome-f0.85,0.17330366586156512,age60+|M,0.019230972846449874,4014.0,0.21696625391261026
Poland/Gdynia/Wzgórze Św. Maksymiliana | large,Poland/Gdynia,2023 2024 2025,learned-outcome-f0.85,0.16066946199563342,age25-39|F,-0.009203654822974496,1022.0,0.5291373273286389
Poland/Gdynia/Śródmieście | large,Poland/Gdynia,2023 2024 2025,learned-outcome-f0.85,0.12740157122683668,age60+|F,0.010144568271643258,1124.0,0.4972538101191384
Poland/Łódź/Andrzejów,Poland/Łódź,2023 2024 2025,learned-outcome-f0.85,0.18831724619752355,age<25|F,0.005947246909245028,5459.0,0.2587282559798942
Poland/Łódź/Bałuty Zachodnie,Poland/Łódź,2023 2024 2025,learned-outcome-f0.85,0.11114934998833331,age<25|M,-0.015412057991632469,17345.0,0.12935847721973956
Poland/Łódź/Bałuty-Centrum,Poland/Łódź,2023 2024 2025,learned-outcome-f0.85,0.06370429886461407,age<25|F,-0.008776019019769014,21537.0,0.16877214977642385
Poland/Łódź/Bałuty-Doły,Poland/Łódź,2023 2024 2025,learned-outcome-f0.85,0.03672706141956109,age25-39|F,0.00085387382584685,18342.0,0.18396854086114825
Poland/Łódź/Chojny,Poland/Łódź,2023 2024 2025,learned-outcome-f0.85,0.059329299259554664,age25-39|F,-0.012286928619083747,19713.0,0.13626496501109972
Poland/Łódź/Chojny-Dąbrowa,Poland/Łódź,2023 2024 2025,learned-outcome-f0.85,0.10364231669822388,age<25|F,0.0033676332561759443,20106.0,0.22361854690898728
Poland/Łódź/Dolina Łódki,Poland/Łódź,2023 2024 2025,learned-outcome-f0.85,0.41720431297139837,age60+|M,0.020558340177798493,2382.0,0.5748510411318538
Poland/Łódź/Górniak,Poland/Łódź,2023 2024 2025,learned-outcome-f0.85,0.09894598057986849,age<25|F,0.000698184618542838,6066.0,0.20027388473895916
Poland/Łódź/Im. Józefa Montwiłła-Mireckiego,Poland/Łódź,2023 2024 2025,learned-outcome-f0.85,0.1479765762571765,age<25|M,0.014785998673834313,3022.0,0.06225364518222981
Poland/Łódź/Julianów-Marysin-Rogi,Poland/Łódź,2023 2024 2025,learned-outcome-f0.85,0.0748402794528252,age60+|F,-0.013022525342842673,11457.0,0.1150434557953162
Poland/Łódź/Karolew-Retkinia Wschód,Poland/Łódź,2023 2024 2025,learned-outcome-f0.85,0.13945260869703657,age60+|F,0.0021230068707697065,22287.0,0.1609243836562828
Poland/Łódź/Katedralna,Poland/Łódź,2023 2024 2025,learned-outcome-f0.85,0.0931355490603978,age<25|F,0.002645573488076306,10708.0,0.15954687378783017
Poland/Łódź/Koziny,Poland/Łódź,2023 2024 2025,learned-outcome-f0.85,0.13357659841567399,age25-39|M,0.010242138592200651,9499.0,0.09610644790593409
Poland/Łódź/Lublinek-Pienista,Poland/Łódź,2023 2024 2025,learned-outcome-f0.85,0.053356117671485535,age60+|F,0.0010110265167406964,13019.0,0.12035163674496957
Poland/Łódź/Mileszki,Poland/Łódź,2023 2024 2025,learned-outcome-f0.85,0.19980741104058514,age25-39|M,-0.003210359614733418,2513.0,0.3030061784129748
Poland/Łódź/Nad Nerem,Poland/Łódź,2023 2024 2025,learned-outcome-f0.85,0.071119243470093,age40-59|F,-0.0005536226747173017,1749.0,0.10520210876956919
Poland/Łódź/Nowosolna,Poland/Łódź,2023 2024 2025,learned-outcome-f0.85,0.043648775327603084,age<25|M,0.002758325482222261,8188.0,0.2792707319751676
Poland/Łódź/Nr 33,Poland/Łódź,2023 2024 2025,learned-outcome-f0.85,0.07321842436455128,age60+|F,0.0006304618614274321,2380.0,0.10955149494724244
Poland/Łódź/Olechów-Janów,Poland/Łódź,2023 2024 2025,learned-outcome-f0.85,0.17362472442066063,age60+|M,0.012351798227059983,19005.0,0.19669831902194423
Poland/Łódź/Piastów-Kurak,Poland/Łódź,2023 2024 2025,learned-outcome-f0.85,0.17263736040290623,age60+|M,-0.0045196792176818955,6604.0,0.20105430732172858
Poland/Łódź/Radogoszcz,Poland/Łódź,2023 2024 2025,learned-outcome-f0.85,0.05076436764969291,age<25|F,-0.0036805940848124467,28891.0,0.09668027311957335
Poland/Łódź/Retkinia Zachód-Smulsko,Poland/Łódź,2023 2024 2025,learned-outcome-f0.85,0.08427169419129318,age25-39|F,-0.0026226163132754042,20904.0,0.07025312806151615
Poland/Łódź/Rokicie,Poland/Łódź,2023 2024 2025,learned-outcome-f0.85,0.09231912255685981,age60+|M,0.0030183049393378157,7958.0,0.18591161341150042
Poland/Łódź/Ruda,Poland/Łódź,2023 2024 2025,learned-outcome-f0.85,0.0811080466711206,age60+|M,0.000879290794185946,8203.0,0.15301746960299362
Poland/Łódź/Stare Polesie,Poland/Łódź,2023 2024 2025,learned-outcome-f0.85,0.1083556564611309,age<25|M,-0.002181366649380161,13274.0,0.10680667490682398
Poland/Łódź/Stary Widzew,Poland/Łódź,2023 2024 2025,learned-outcome-f0.85,0.15298927239183646,age<25|M,0.014619494262241047,12075.0,0.2568583852582191
Poland/Łódź/Stoki-Sikawa-Podgórze,Poland/Łódź,2023 2024 2025,learned-outcome-f0.85,0.14667464412090978,age<25|M,0.007654867633528535,10124.0,0.2493099679399112
Poland/Łódź/Teofilów-Wielkopolska,Poland/Łódź,2023 2024 2025,learned-outcome-f0.85,0.24489972027219095,age<25|M,-0.014858267883084315,38474.0,0.08520886938249272
Poland/Łódź/Widzew-Wschód,Poland/Łódź,2023 2024 2025,learned-outcome-f0.85,0.06113185007686161,age25-39|M,-0.0028478985004469605,30331.0,0.06998785147315727
Poland/Łódź/Wiskitno,Poland/Łódź,2023 2024 2025,learned-outcome-f0.85,0.10236730939227459,age60+|M,0.010339082284243257,5537.0,0.3529292836565974
Poland/Łódź/Wzniesień Łódzkich,Poland/Łódź,2023 2024 2025,learned-outcome-f0.85,0.1552405882398404,age25-39|F,-0.00891024516934129,2281.0,0.20703179336835745
Poland/Łódź/Zarzew,Poland/Łódź,2023 2024 2025,learned-outcome-f0.85,0.08912184810833983,age<25|F,0.002894269054750534,12869.0,0.07194428637347529
Poland/Łódź/Zdrowie-Mania,Poland/Łódź,2023 2024 2025,learned-outcome-f0.85,0.14808206208757238,age40-59|M,0.011584908621171092,4426.0,0.033596836187348045
Poland/Łódź/Złotno,Poland/Łódź,2023 2024 2025,learned-outcome-f0.85,0.101848979326698,age60+|F,0.010894473816780771,13220.0,0.15869568944169285
Poland/Łódź/Łagiewniki,Poland/Łódź,2023 2024 2025,learned-outcome-f0.85,0.05442937072179736,age<25|M,-0.005264304294077335,5140.0,0.2521911782251436
Poland/Łódź/Śródmieście-Wschód,Poland/Łódź,2023 2024 2025,learned-outcome-f0.85,0.1283890318642647,age<25|F,-0.005031329897205627,10210.0,0.19000206042778323
Poland/Gdynia/Babie Doły | large,Poland/Gdynia,2023 2024 2025,learned-outcome-f1.00,0.2648161683693634,age25-39|M,0.01642632494482874,1014.0,0.40837835392332855
Poland/Gdynia/Chwarzno-Wiczlino | large,Poland/Gdynia,2023 2024 2025,learned-outcome-f1.00,0.1255519185613525,age60+|F,0.01893092900352503,14015.0,0.11301755159530912
Poland/Gdynia/Chylonia | large,Poland/Gdynia,2023 2024 2025,learned-outcome-f1.00,0.3060854462613822,age60+|M,0.015118034691914613,2985.0,0.43141772330879863
Poland/Gdynia/Cisowa | large,Poland/Gdynia,2023 2024 2025,learned-outcome-f1.00,0.13734866110975494,age40-59|M,0.01132092851083141,2810.0,0.14819219370324396
Poland/Gdynia/Działki Leśne | large,Poland/Gdynia,2023,learned-outcome-f1.00,0.17815684332528411,age<25|M,0.005967169147027241,511.0,0.3487972508591065
Poland/Gdynia/Dąbrowa | large,Poland/Gdynia,2023 2024 2025,learned-outcome-f1.00,0.08899018445653788,age25-39|M,0.0011644473794849898,2166.0,0.37782765043404537
Poland/Gdynia/Grabówek | large,Poland/Gdynia,2023 2024 2025,learned-outcome-f1.00,0.10895440754431479,age40-59|M,-0.005872613648746269,1022.0,0.403900103294815
Poland/Gdynia/Green Budget,Poland/Gdynia,2023 2024 2025,learned-outcome-f1.00,0.0463794881064756,age60+|F,0.003391615335293908,52104.0,0.21812626097523125
Poland/Gdynia/Kamienna Góra | large,Poland/Gdynia,2023 2024 2025,learned-outcome-f1.00,0.2462705440902653,age60+|M,0.015517166425698678,673.0,0.28395635812515607
Poland/Gdynia/Karwiny | large,Poland/Gdynia,2023 2024 2025,learned-outcome-f1.00,0.11857679911771221,age<25|F,0.008438613232941431,2099.0,0.08192883895131085
Poland/Gdynia/Leszczynki | large,Poland/Gdynia,2023 2024 2025,learned-outcome-f1.00,0.1337436630212736,age60+|M,0.01341925854434138,1104.0,0.248475883800256
Poland/Gdynia/Mały Kack | large,Poland/Gdynia,2023 2024 2025,learned-outcome-f1.00,0.06775933042373984,age25-39|M,-0.0015144813015543362,5283.0,0.1758478195986286
Poland/Gdynia/Obłuże | large,Poland/Gdynia,2023 2024 2025,learned-outcome-f1.00,0.07414202564077883,age40-59|M,0.003101706494999598,3954.0,0.257203378878405
Poland/Gdynia/Oksywie | large,Poland/Gdynia,2023 2024 2025,learned-outcome-f1.00,0.10501473354100087,age60+|M,0.01625408727989109,1304.0,0.4819955717729529
Poland/Gdynia/Orłowo | large,Poland/Gdynia,2023 2024 2025,learned-outcome-f1.00,0.11450803019472215,age60+|M,-0.0006281914067930408,1005.0,0.23660474867144457
Poland/Gdynia/Pogórze | large,Poland/Gdynia,2023 2024 2025,learned-outcome-f1.00,0.10250358719492408,age<25|F,0.010595224121304618,1755.0,0.1685962248311791
Poland/Gdynia/Pustki Cisowskie-Demptowo | large,Poland/Gdynia,2023 2024 2025,learned-outcome-f1.00,0.09067155670692206,age<25|F,0.005235384484775276,2392.0,0.3877406691034297
Poland/Gdynia/Redłowo | large,Poland/Gdynia,2023 2024 2025,learned-outcome-f1.00,0.06335404873732539,age60+|F,0.005441116883152899,1999.0,0.2261125749743488
Poland/Gdynia/Wielki Kack | large,Poland/Gdynia,2023 2024 2025,learned-outcome-f1.00,0.11748668199457268,age60+|M,0.014947280729828689,4925.0,0.3085310992001307
Poland/Gdynia/Witomino | large,Poland/Gdynia,2023 2024 2025,learned-outcome-f1.00,0.17330366586156512,age60+|M,0.019230972846449874,4014.0,0.21696625391261026
Poland/Gdynia/Wzgórze Św. Maksymiliana | large,Poland/Gdynia,2023 2024 2025,learned-outcome-f1.00,0.16066946199563342,age25-39|F,-0.009203654822974496,1022.0,0.5291373273286389
Poland/Gdynia/Śródmieście | large,Poland/Gdynia,2023 2024 2025,learned-outcome-f1.00,0.12740157122683668,age60+|F,0.010144568271643258,1124.0,0.4972538101191384
Poland/Łódź/Andrzejów,Poland/Łódź,2023 2024 2025,learned-outcome-f1.00,0.18831724619752355,age<25|F,0.005947246909245028,5459.0,0.2587282559798942
Poland/Łódź/Bałuty Zachodnie,Poland/Łódź,2023 2024 2025,learned-outcome-f1.00,0.1385225149393111,age<25|M,-0.019307803142266714,17903.0,0.12458242736243863
Poland/Łódź/Bałuty-Centrum,Poland/Łódź,2023 2024 2025,learned-outcome-f1.00,0.054072873511696394,age40-59|F,-0.005945660944876155,21880.0,0.16203280401444425
Poland/Łódź/Bałuty-Doły,Poland/Łódź,2023 2024 2025,learned-outcome-f1.00,0.09199893650193645,age60+|M,0.010232009687170468,18910.0,0.18198569597654154
Poland/Łódź/Chojny,Poland/Łódź,2023 2024 2025,learned-outcome-f1.00,0.08546200784199282,age25-39|F,-0.014647111032878196,19578.0,0.1457837201489685
Poland/Łódź/Chojny-Dąbrowa,Poland/Łódź,2023 2024 2025,learned-outcome-f1.00,0.11427929226324555,age<25|F,0.006498217007075612,20397.0,0.2285983879544021
Poland/Łódź/Dolina Łódki,Poland/Łódź,2023 2024 2025,learned-outcome-f1.00,0.41720431297139837,age60+|M,0.020558340177798493,2382.0,0.5748510411318538
Poland/Łódź/Górniak,Poland/Łódź,2023 2024 2025,learned-outcome-f1.00,0.09894598057986849,age<25|F,0.000698184618542838,6066.0,0.20027388473895916
Poland/Łódź/Im. Józefa Montwiłła-Mireckiego,Poland/Łódź,2023 2024 2025,learned-outcome-f1.00,0.24517936769983834,age<25|F,0.03449767595659175,2818.0,0.10930791100989797
Poland/Łódź/Julianów-Marysin-Rogi,Poland/Łódź,2023 2024 2025,learned-outcome-f1.00,0.0808987680597642,age25-39|F,0.0021031307243539856,11484.0,0.11099337904902139
Poland/Łódź/Karolew-Retkinia Wschód,Poland/Łódź,2023 2024 2025,learned-outcome-f1.00,0.1401383449613444,age60+|F,0.0021191458803401955,22068.0,0.16835184443651327
Poland/Łódź/Katedralna,Poland/Łódź,2023 2024 2025,learned-outcome-f1.00,0.12501725951808124,age<25|M,0.021083477469378185,11600.0,0.12445549819347641
Poland/Łódź/Koziny,Poland/Łódź,2023 2024 2025,learned-outcome-f1.00,0.08808100044443751,age25-39|M,0.00676169634094769,9402.0,0.08578014696346413
Poland/Łódź/Lublinek-Pienista,Poland/Łódź,2023 2024 2025,learned-outcome-f1.00,0.060722009797477355,age60+|F,0.006305501709973772,12695.0,0.13925573762932097
Poland/Łódź/Mileszki,Poland/Łódź,2023 2024 2025,learned-outcome-f1.00,0.19980741104058514,age25-39|M,-0.003210359614733418,2513.0,0.3030061784129748
Poland/Łódź/Nad Nerem,Poland/Łódź,2023 2024 2025,learned-outcome-f1.00,0.09823679226470215,age25-39|M,0.011833579932112936,1634.0,0.11287754736606041
Poland/Łódź/Nowosolna,Poland/Łódź,2023 2024 2025,learned-outcome-f1.00,0.043648775327603084,age<25|M,0.002758325482222261,8188.0,0.2792707319751676
Poland/Łódź/Nr 33,Poland/Łódź,2023 2024 2025,learned-outcome-f1.00,0.07321842436455128,age60+|F,0.0006304618614274321,2380.0,0.10955149494724244
Poland/Łódź/Olechów-Janów,Poland/Łódź,2023 2024 2025,learned-outcome-f1.00,0.13256882886279206,age<25|F,0.011042628392495197,19447.0,0.13639074068317145
Poland/Łódź/Piastów-Kurak,Poland/Łódź,2023 2024 2025,learned-outcome-f1.00,0.17263736040290623,age60+|M,-0.0045196792176819146,6604.0,0.20105430732172858
Poland/Łódź/Radogoszcz,Poland/Łódź,2023 2024 2025,learned-outcome-f1.00,0.10288074795901436,age<25|F,-0.0012273765395695454,28986.0,0.09501614378131408
Poland/Łódź/Retkinia Zachód-Smulsko,Poland/Łódź,2023 2024 2025,learned-outcome-f1.00,0.07329997073702857,age25-39|F,0.0008189730408422372,20712.0,0.07500083701591607
Poland/Łódź/Rokicie,Poland/Łódź,2023 2024 2025,learned-outcome-f1.00,0.14271869871248594,age60+|M,0.002970080017005384,8148.0,0.17431102603998794
Poland/Łódź/Ruda,Poland/Łódź,2023 2024 2025,learned-outcome-f1.00,0.2637879753570317,age60+|M,0.00619568538684889,7987.0,0.1795047662065344
Poland/Łódź/Stare Polesie,Poland/Łódź,2023 2024 2025,learned-outcome-f1.00,0.21135386431824296,age<25|M,0.0062749321166347205,13104.0,0.14672504987081889
Poland/Łódź/Stary Widzew,Poland/Łódź,2023 2024 2025,learned-outcome-f1.00,0.14565176181543146,age<25|M,0.01661067579417369,12162.0,0.2579158403163791
Poland/Łódź/Stoki-Sikawa-Podgórze,Poland/Łódź,2023 2024 2025,learned-outcome-f1.00,0.19952843925514485,age<25|M,0.010628782178938489,9945.0,0.25779457539846967
Poland/Łódź/Teofilów-Wielkopolska,Poland/Łódź,2023 2024 2025,learned-outcome-f1.00,0.24489972027219095,age<25|M,-0.014858267883084315,38474.0,0.08520886938249272
Poland/Łódź/Widzew-Wschód,Poland/Łódź,2023 2024 2025,learned-outcome-f1.00,0.08246457994083511,age25-39|M,0.0009699391857527418,30690.0,0.07165939732133779
Poland/Łódź/Wiskitno,Poland/Łódź,2023 2024 2025,learned-outcome-f1.00,0.10236730939227459,age60+|M,0.010339082284243257,5537.0,0.3529292836565974
Poland/Łódź/Wzniesień Łódzkich,Poland/Łódź,2023 2024 2025,learned-outcome-f1.00,0.1552405882398404,age25-39|F,-0.00891024516934129,2281.0,0.20703179336835745
Poland/Łódź/Zarzew,Poland/Łódź,2023 2024 2025,learned-outcome-f1.00,0.10672941893270887,age60+|M,0.012357741401156905,13088.0,0.06874062504624416
Poland/Łódź/Zdrowie-Mania,Poland/Łódź,2023 2024 2025,learned-outcome-f1.00,0.11802824964409644,age40-59|M,0.014701717850749524,4317.0,0.04969681987992433
Poland/Łódź/Złotno,Poland/Łódź,2023 2024 2025,learned-outcome-f1.00,0.10619889468320996,age60+|M,0.013503237196350971,13359.0,0.15807525382315166
Poland/Łódź/Łagiewniki,Poland/Łódź,2023 2024 2025,learned-outcome-f1.00,0.05448765147762586,age<25|M,-0.005594635891988441,5077.0,0.26086697731190156
Poland/Łódź/Śródmieście-Wschód,Poland/Łódź,2023 2024 2025,learned-outcome-f1.00,0.14793454222736047,age<25|F,-0.003050156453281763,10297.0,0.2036990730620966
Poland/Gdynia/Babie Doły | large,Poland/Gdynia,2023 2024 2025,mes,0.2753639846297178,age60+|M,0.01922493029879638,1074.0,0.39620179380156295
Poland/Gdynia/Chwarzno-Wiczlino | large,Poland/Gdynia,2023 2024 2025,mes,0.16441838541768164,age60+|F,0.02380846991650849,14059.0,0.12595243116712
Poland/Gdynia/Chylonia | large,Poland/Gdynia,2023 2024 2025,mes,0.10388989224528981,age<25|F,0.0014477401142584496,3037.0,0.39733532630505325
Poland/Gdynia/Cisowa | large,Poland/Gdynia,2023 2024 2025,mes,0.13734866110975494,age40-59|M,0.01132092851083141,2810.0,0.14819219370324396
Poland/Gdynia/Działki Leśne | large,Poland/Gdynia,2023,mes,0.17815684332528411,age<25|M,0.005967169147027241,511.0,0.3487972508591065
Poland/Gdynia/Dąbrowa | large,Poland/Gdynia,2023 2024 2025,mes,0.09350773015685028,age60+|M,0.012200218880957438,2282.0,0.3361160359068968
Poland/Gdynia/Grabówek | large,Poland/Gdynia,2023 2024 2025,mes,0.10895440754431479,age40-59|M,-0.005872613648746269,1022.0,0.403900103294815
Poland/Gdynia/Green Budget,Poland/Gdynia,2023 2024 2025,mes,0.0463794881064756,age60+|F,0.003391615335293908,52104.0,0.21812626097523125
Poland/Gdynia/Kamienna Góra | large,Poland/Gdynia,2023 2024 2025,mes,0.2462705440902653,age60+|M,0.015517166425698678,673.0,0.28395635812515607
Poland/Gdynia/Karwiny | large,Poland/Gdynia,2023 2024 2025,mes,0.11857679911771221,age<25|F,0.008438613232941431,2099.0,0.08192883895131085
Poland/Gdynia/Leszczynki | large,Poland/Gdynia,2023 2024 2025,mes,0.1337436630212736,age60+|M,0.01341925854434138,1104.0,0.248475883800256
Poland/Gdynia/Mały Kack | large,Poland/Gdynia,2023 2024 2025,mes,0.06775933042373984,age25-39|M,-0.0015144813015543362,5283.0,0.1758478195986286
Poland/Gdynia/Obłuże | large,Poland/Gdynia,2023 2024 2025,mes,0.07414202564077883,age40-59|M,0.003101706494999598,3954.0,0.257203378878405
Poland/Gdynia/Oksywie | large,Poland/Gdynia,2023 2024 2025,mes,0.08962228360017006,age60+|M,-0.0006929504169276011,1753.0,0.37314708692446796
Poland/Gdynia/Orłowo | large,Poland/Gdynia,2023 2024 2025,mes,0.11450803019472215,age60+|M,-0.0006281914067930408,1005.0,0.23660474867144457
Poland/Gdynia/Pogórze | large,Poland/Gdynia,2023 2024 2025,mes,0.10250358719492408,age<25|F,0.010595224121304618,1755.0,0.1685962248311791
Poland/Gdynia/Pustki Cisowskie-Demptowo | large,Poland/Gdynia,2023 2024 2025,mes,0.15742273967660797,age25-39|M,0.0012916586674549947,2418.0,0.38229531710031806
Poland/Gdynia/Redłowo | large,Poland/Gdynia,2023 2024 2025,mes,0.16662237057071502,age60+|F,0.012426306662429148,2022.0,0.23264852268676708
Poland/Gdynia/Wielki Kack | large,Poland/Gdynia,2023 2024 2025,mes,0.11138347702804559,age25-39|M,0.010314050254655737,5228.0,0.25891787194147237
Poland/Gdynia/Witomino | large,Poland/Gdynia,2023 2024 2025,mes,0.17330366586156512,age60+|M,0.019230972846449874,4014.0,0.21696625391261026
Poland/Gdynia/Wzgórze Św. Maksymiliana | large,Poland/Gdynia,2023 2024 2025,mes,0.17011877999172945,age60+|M,0.010808962395223448,1084.0,0.5109057528560316
Poland/Gdynia/Śródmieście | large,Poland/Gdynia,2023 2024 2025,mes,0.1901995963449087,age60+|F,0.01847308945996779,1217.0,0.4485116717543585
Poland/Łódź/Andrzejów,Poland/Łódź,2023 2024 2025,mes,0.1703952153971216,age<25|F,0.012668457082025597,5834.0,0.23671902630293287
Poland/Łódź/Bałuty Zachodnie,Poland/Łódź,2023 2024 2025,mes,0.15534062614840466,age<25|M,-0.02113738706807877,17780.0,0.12450394058746021
Poland/Łódź/Bałuty-Centrum,Poland/Łódź,2023 2024 2025,mes,0.12958062713089255,age<25|M,0.008644668595518344,20848.0,0.1575255704045956
Poland/Łódź/Bałuty-Doły,Poland/Łódź,2023 2024 2025,mes,0.10749437164406271,age60+|M,0.016479256012495523,17277.0,0.21505015891136767
Poland/Łódź/Chojny,Poland/Łódź,2023 2024 2025,mes,0.06660315827807896,age60+|M,0.008958314909482129,19661.0,0.13122619070144334
Poland/Łódź/Chojny-Dąbrowa,Poland/Łódź,2023 2024 2025,mes,0.1547660368377914,age<25|M,0.014277980519303117,19063.0,0.23014062466271665
Poland/Łódź/Dolina Łódki,Poland/Łódź,2023 2024 2025,mes,0.3309921099796732,age60+|M,0.011284947411773985,2077.0,0.5799548287706098
Poland/Łódź/Górniak,Poland/Łódź,2023 2024 2025,mes,0.15086648244221323,age<25|M,0.01648657648834341,6425.0,0.16125489466025597
Poland/Łódź/Im. Józefa Montwiłła-Mireckiego,Poland/Łódź,2023 2024 2025,mes,0.2727068667274442,age<25|M,0.02867020646179328,2976.0,0.09268594487956293
Poland/Łódź/Julianów-Marysin-Rogi,Poland/Łódź,2023 2024 2025,mes,0.09069838077772696,age60+|F,-0.012875554956433253,11966.0,0.08340542663191179
Poland/Łódź/Karolew-Retkinia Wschód,Poland/Łódź,2023 2024 2025,mes,0.05331581384903195,age<25|M,0.0040839602247140505,22115.0,0.1129686533226605
Poland/Łódź/Katedralna,Poland/Łódź,2023 2024 2025,mes,0.09165888313051078,age<25|M,0.00773974014382213,10512.0,0.11770454995316648
Poland/Łódź/Koziny,Poland/Łódź,2023 2024 2025,mes,0.1612037895975896,age25-39|M,0.01607628658915801,9015.0,0.10248942662933834
Poland/Łódź/Lublinek-Pienista,Poland/Łódź,2023 2024 2025,mes,0.11197754355318809,age<25|M,0.010969914141784476,13263.0,0.10972765355133533
Poland/Łódź/Mileszki,Poland/Łódź,2023 2024 2025,mes,0.19980741104058514,age25-39|M,-0.003210359614733418,2513.0,0.3030061784129748
Poland/Łódź/Nad Nerem,Poland/Łódź,2023 2024 2025,mes,0.11274966546127053,age40-59|F,-0.00452129320061454,1807.0,0.10103140814656224
Poland/Łódź/Nowosolna,Poland/Łódź,2023 2024 2025,mes,0.1349655352590845,age60+|M,0.013089265683765491,8201.0,0.27777212354014297
Poland/Łódź/Nr 33,Poland/Łódź,2023 2024 2025,mes,0.2111883860998652,age<25|M,0.014704707851793097,2526.0,0.054442510954009794
Poland/Łódź/Olechów-Janów,Poland/Łódź,2023 2024 2025,mes,0.16187578512584982,age<25|M,0.01415529780620559,18824.0,0.1339214047063044
Poland/Łódź/Piastów-Kurak,Poland/Łódź,2023 2024 2025,mes,0.10387599846747332,age40-59|M,-0.003229671687935567,6532.0,0.15914711684296504
Poland/Łódź/Radogoszcz,Poland/Łódź,2023 2024 2025,mes,0.026502408177798892,age25-39|F,-0.00043087917395588995,27858.0,0.09276238159824224
Poland/Łódź/Retkinia Zachód-Smulsko,Poland/Łódź,2023 2024 2025,mes,0.037248498127830994,age25-39|M,0.004048724201880182,20959.0,0.06606699098986506
Poland/Łódź/Rokicie,Poland/Łódź,2023 2024 2025,mes,0.08921519966631078,age<25|M,0.013519371583360052,7221.0,0.22565234888905553
Poland/Łódź/Ruda,Poland/Łódź,2023 2024 2025,mes,0.168142503558089,age60+|M,0.007091182745253473,8113.0,0.1566616819615663
Poland/Łódź/Stare Polesie,Poland/Łódź,2023 2024 2025,mes,0.22228838868759881,age<25|M,0.01320941910140849,13029.0,0.108406934847525
Poland/Łódź/Stary Widzew,Poland/Łódź,2023 2024 2025,mes,0.2285077232671819,age<25|M,0.018998353291486296,11174.0,0.25503316080092436
Poland/Łódź/Stoki-Sikawa-Podgórze,Poland/Łódź,2023 2024 2025,mes,0.16771370207098482,age<25|M,0.007883752429633946,9323.0,0.24747242261437222
Poland/Łódź/Teofilów-Wielkopolska,Poland/Łódź,2023 2024 2025,mes,0.21208695977452696,age<25|M,-0.016060594812752606,37194.0,0.07690808449985313
Poland/Łódź/Widzew-Wschód,Poland/Łódź,2023 2024 2025,mes,0.07786505149514875,age25-39|F,-0.0025886362796588612,29814.0,0.06976946317876985
Poland/Łódź/Wiskitno,Poland/Łódź,2023 2024 2025,mes,0.14471024195913657,age25-39|M,0.006681582282569229,5483.0,0.3426164012933742
Poland/Łódź/Wzniesień Łódzkich,Poland/Łódź,2023 2024 2025,mes,0.15524058823984052,age25-39|F,-0.008910245169341224,2281.0,0.20703179336835745
Poland/Łódź/Zarzew,Poland/Łódź,2023 2024 2025,mes,0.11840884234410412,age60+|M,0.01554085355784182,13220.0,0.07868840108860449
Poland/Łódź/Zdrowie-Mania,Poland/Łódź,2023 2024 2025,mes,0.14542197917051103,age40-59|M,0.005953695290597676,4374.0,0.03954618961901526
Poland/Łódź/Złotno,Poland/Łódź,2023 2024 2025,mes,0.07630380779696982,age60+|F,0.010538669331089445,12637.0,0.14780045806638328
Poland/Łódź/Łagiewniki,Poland/Łódź,2023 2024 2025,mes,0.0695568720294309,age<25|F,-0.00665012286960148,4936.0,0.3075528325072369
Poland/Łódź/Śródmieście-Wschód,Poland/Łódź,2023 2024 2025,mes,0.09181722028312861,age<25|F,-0.0029465082051793904,10757.0,0.14424542322899211
Poland/Gdynia/Babie Doły | large,Poland/Gdynia,2023 2024 2025,recorded,0.21331009669130366,age60+|M,0.01049799751464749,987.0,0.33511415960364377
Poland/Gdynia/Chwarzno-Wiczlino | large,Poland/Gdynia,2023 2024 2025,recorded,0.20398639991646914,age60+|F,0.02795643401225259,11483.0,0.26041390810185094
Poland/Gdynia/Chylonia | large,Poland/Gdynia,2023 2024 2025,recorded,0.09377185524037561,age<25|F,-0.00405408234727393,1883.0,0.5416319344790969
Poland/Gdynia/Cisowa | large,Poland/Gdynia,2023 2024 2025,recorded,0.10430586575965728,age60+|F,-0.017367702352935128,1680.0,0.35228181643146267
Poland/Gdynia/Działki Leśne | large,Poland/Gdynia,2023,recorded,0.05193197367563701,age40-59|F,-0.002523288964902552,447.0,0.23195876288659795
Poland/Gdynia/Dąbrowa | large,Poland/Gdynia,2023 2024 2025,recorded,0.11541955133626866,age60+|M,0.018038824919251,1917.0,0.32882769436794534
Poland/Gdynia/Grabówek | large,Poland/Gdynia,2023 2024 2025,recorded,0.17689687373121168,age60+|M,0.006753211398751642,1239.0,0.3276795202249168
Poland/Gdynia/Green Budget,Poland/Gdynia,2023 2024 2025,recorded,0.01829924110327591,age60+|F,0.0007085812893968262,54795.0,0.1962702190011371
Poland/Gdynia/Kamienna Góra | large,Poland/Gdynia,2023 2024 2025,recorded,0.25663920115472066,age60+|M,0.009043927005916287,743.0,0.15917917452444305
Poland/Gdynia/Karwiny | large,Poland/Gdynia,2023 2024 2025,recorded,0.06429180412621707,age25-39|M,-0.0030282964248157006,1803.0,0.08286516853932584
Poland/Gdynia/Leszczynki | large,Poland/Gdynia,2023 2024 2025,recorded,0.0791936532102863,age<25|M,0.008196787184379908,1004.0,0.2841411787248102
Poland/Gdynia/Mały Kack | large,Poland/Gdynia,2023 2024 2025,recorded,0.05554674689729938,age25-39|M,-0.00456692976093987,4340.0,0.2545167944014753
Poland/Gdynia/Obłuże | large,Poland/Gdynia,2023 2024 2025,recorded,0.08865761149838584,age60+|F,0.006444785558075615,3367.0,0.27734226776729387
Poland/Gdynia/Oksywie | large,Poland/Gdynia,2023 2024 2025,recorded,0.22055482435143584,age60+|F,0.015036713019300091,1980.0,0.2742364115432044
Poland/Gdynia/Orłowo | large,Poland/Gdynia,2023 2024 2025,recorded,0.14215879288893982,age60+|M,0.008020734636368564,893.0,0.17686850958022524
Poland/Gdynia/Pogórze | large,Poland/Gdynia,2023 2024 2025,recorded,0.03775364968953927,age<25|M,0.0008604477665154041,1396.0,0.2576509511993383
Poland/Gdynia/Pustki Cisowskie-Demptowo | large,Poland/Gdynia,2023 2024 2025,recorded,0.08614918058523961,age60+|M,0.0040974743422479126,2137.0,0.31091437430355146
Poland/Gdynia/Redłowo | large,Poland/Gdynia,2023 2024 2025,recorded,0.1839221906331977,age60+|M,0.01504961599859519,1179.0,0.358788162740084
Poland/Gdynia/Wielki Kack | large,Poland/Gdynia,2023 2024 2025,recorded,0.06254558538573633,age40-59|F,-0.0019984723488664547,4649.0,0.2865187211983726
Poland/Gdynia/Witomino | large,Poland/Gdynia,2023 2024 2025,recorded,0.060866123632789065,age<25|F,0.0012768214032812819,3449.0,0.17023452027418554
Poland/Gdynia/Wzgórze Św. Maksymiliana | large,Poland/Gdynia,2023 2024 2025,recorded,0.16880689956101977,age60+|M,0.007232450611883124,944.0,0.487923834512258
Poland/Gdynia/Śródmieście | large,Poland/Gdynia,2023 2024 2025,recorded,0.11690071932035087,age60+|F,0.01565151560963259,1288.0,0.39510943230560747
Poland/Łódź/Andrzejów,Poland/Łódź,2023 2024 2025,recorded,0.11855441237309275,age60+|M,0.014501629996653005,5849.0,0.11488310071586362
Poland/Łódź/Bałuty Zachodnie,Poland/Łódź,2023 2024 2025,recorded,0.15688383399969422,age<25|M,-0.020714727963788777,17722.0,0.129370120636122
Poland/Łódź/Bałuty-Centrum,Poland/Łódź,2023 2024 2025,recorded,0.14499514929402252,age<25|M,0.006748029105471242,16584.0,0.24409016342077605
Poland/Łódź/Bałuty-Doły,Poland/Łódź,2023 2024 2025,recorded,0.10896950203333684,age60+|M,0.015080671348740426,14581.0,0.27206276086195447
Poland/Łódź/Chojny,Poland/Łódź,2023 2024 2025,recorded,0.1440473616601197,age<25|M,0.014948010873215222,16215.0,0.18423594466152748
Poland/Łódź/Chojny-Dąbrowa,Poland/Łódź,2023 2024 2025,recorded,0.21183801409028083,age<25|F,0.016376072640040755,13433.0,0.384356450878129
Poland/Łódź/Dolina Łódki,Poland/Łódź,2023 2024 2025,recorded,0.05351509457063505,age<25|M,0.0004960342491485253,1945.0,0.5706348083562999
Poland/Łódź/Górniak,Poland/Łódź,2023 2024 2025,recorded,0.15086648244221323,age<25|M,0.01648657648834341,6425.0,0.16125489466025597
Poland/Łódź/Im. Józefa Montwiłła-Mireckiego,Poland/Łódź,2023 2024 2025,recorded,0.19409432348416805,age<25|M,0.020955419943907767,2829.0,0.11153314568667462
Poland/Łódź/Julianów-Marysin-Rogi,Poland/Łódź,2023 2024 2025,recorded,0.086666084155993,age40-59|F,-0.011698342942273635,11455.0,0.084184803501905
Poland/Łódź/Karolew-Retkinia Wschód,Poland/Łódź,2023 2024 2025,recorded,0.19710683240530544,age<25|F,0.004573202180738051,14671.0,0.2687467618165159
Poland/Łódź/Katedralna,Poland/Łódź,2023 2024 2025,recorded,0.06997556964914403,age<25|M,0.004088173215479387,8787.0,0.17586082325862942
Poland/Łódź/Koziny,Poland/Łódź,2023 2024 2025,recorded,0.04357174795029068,age40-59|M,0.008203447305030668,8012.0,0.11778674574837066
Poland/Łódź/Lublinek-Pienista,Poland/Łódź,2023 2024 2025,recorded,0.09293551659991538,age<25|F,0.010409347981400245,11130.0,0.14594520203508413
Poland/Łódź/Mileszki,Poland/Łódź,2023 2024 2025,recorded,0.061963529876048085,age<25|M,-0.0035989658133966334,2355.0,0.2618517783626932
Poland/Łódź/Nad Nerem,Poland/Łódź,2023 2024 2025,recorded,0.12395330179382863,age25-39|M,0.0005211893271252475,1732.0,0.1065138642869131
Poland/Łódź/Nowosolna,Poland/Łódź,2023 2024 2025,recorded,0.05999077832595374,age40-59|M,0.00019200032958300542,7239.0,0.3098851614335277
Poland/Łódź/Nr 33,Poland/Łódź,2023 2024 2025,recorded,0.2549946098072175,age<25|F,0.019005242116439558,2627.0,0.07190146673832691
Poland/Łódź/Olechów-Janów,Poland/Łódź,2023 2024 2025,recorded,0.16312461095695435,age60+|M,0.014148375511049846,14558.0,0.2248604109910237
Poland/Łódź/Piastów-Kurak,Poland/Łódź,2023 2024 2025,recorded,0.17715251165566573,age<25|M,0.009162584132508913,4696.0,0.3205740913034655
Poland/Łódź/Radogoszcz,Poland/Łódź,2023 2024 2025,recorded,0.0517945125261969,age25-39|F,0.005031389690957506,21220.0,0.2135482275462194
Poland/Łódź/Retkinia Zachód-Smulsko,Poland/Łódź,2023 2024 2025,recorded,0.09080500905608112,age25-39|M,-0.0021368633451755645,18586.0,0.09287513418891323
Poland/Łódź/Rokicie,Poland/Łódź,2023 2024 2025,recorded,0.13756809847246096,age60+|M,0.012610389635290636,5863.0,0.326576702784547
Poland/Łódź/Ruda,Poland/Łódź,2023 2024 2025,recorded,0.1292250971456931,age60+|M,0.006483085490644421,8022.0,0.13518388545534
Poland/Łódź/Stare Polesie,Poland/Łódź,2023 2024 2025,recorded,0.31967061752337916,age<25|M,0.020993002796318494,9149.0,0.26613044455960716
Poland/Łódź/Stary Widzew,Poland/Łódź,2023 2024 2025,recorded,0.1331499378899469,age60+|F,0.006997429467709386,8720.0,0.34396563969463717
Poland/Łódź/Stoki-Sikawa-Podgórze,Poland/Łódź,2023 2024 2025,recorded,0.0436875734707562,age60+|F,0.004324244498157033,5880.0,0.4065002250187832
Poland/Łódź/Teofilów-Wielkopolska,Poland/Łódź,2023 2024 2025,recorded,0.29062672310357945,age25-39|F,0.03295918014551261,30202.0,0.28606838846938415
Poland/Łódź/Widzew-Wschód,Poland/Łódź,2023 2024 2025,recorded,0.136248142484377,age<25|F,0.002885314704774603,20064.0,0.20066676726397328
Poland/Łódź/Wiskitno,Poland/Łódź,2023 2024 2025,recorded,0.09494083485602993,age25-39|F,-5.93386195513412e-05,5384.0,0.18158697074005659
Poland/Łódź/Wzniesień Łódzkich,Poland/Łódź,2023 2024 2025,recorded,0.0969546230433115,age25-39|F,-0.017674978265004474,2287.0,0.13885393677224836
Poland/Łódź/Zarzew,Poland/Łódź,2023 2024 2025,recorded,0.09583365519157439,age60+|M,0.011457403520505397,11140.0,0.11390970717184802
Poland/Łódź/Zdrowie-Mania,Poland/Łódź,2023 2024 2025,recorded,0.10811863899946611,age40-59|M,0.015085850923917949,4185.0,0.0498148008031487
Poland/Łódź/Złotno,Poland/Łódź,2023 2024 2025,recorded,0.0864486501311527,age40-59|F,-0.0024555515386102613,8852.0,0.20727110506372068
Poland/Łódź/Łagiewniki,Poland/Łódź,2023 2024 2025,recorded,0.15938142097336327,age25-39|F,-0.01384335140626484,4312.0,0.41690048411173325
Poland/Łódź/Śródmieście-Wschód,Poland/Łódź,2023 2024 2025,recorded,0.06515126657330046,age40-59|M,-0.00411534539641107,8856.0,0.18993458979332004
Poland/Gdynia/Babie Doły | large,Poland/Gdynia,2023 2024 2025,res-1.0,0.2753639846297178,age60+|M,0.01922493029879638,1074.0,0.39620179380156295
Poland/Gdynia/Chwarzno-Wiczlino | large,Poland/Gdynia,2023 2024 2025,res-1.0,0.16441838541768164,age60+|F,0.02380846991650849,14059.0,0.12595243116712
Poland/Gdynia/Chylonia | large,Poland/Gdynia,2023 2024 2025,res-1.0,0.10388989224528981,age<25|F,0.0014477401142584496,3037.0,0.39733532630505325
Poland/Gdynia/Cisowa | large,Poland/Gdynia,2023 2024 2025,res-1.0,0.13734866110975494,age40-59|M,0.01132092851083141,2810.0,0.14819219370324396
Poland/Gdynia/Działki Leśne | large,Poland/Gdynia,2023,res-1.0,0.17815684332528411,age<25|M,0.005967169147027241,511.0,0.3487972508591065
Poland/Gdynia/Dąbrowa | large,Poland/Gdynia,2023 2024 2025,res-1.0,0.09350773015685028,age60+|M,0.012200218880957438,2282.0,0.3361160359068968
Poland/Gdynia/Grabówek | large,Poland/Gdynia,2023 2024 2025,res-1.0,0.10895440754431479,age40-59|M,-0.005872613648746269,1022.0,0.403900103294815
Poland/Gdynia/Green Budget,Poland/Gdynia,2023 2024 2025,res-1.0,0.0463794881064756,age60+|F,0.003391615335293908,52104.0,0.21812626097523125
Poland/Gdynia/Kamienna Góra | large,Poland/Gdynia,2023 2024 2025,res-1.0,0.2462705440902653,age60+|M,0.015517166425698678,673.0,0.28395635812515607
Poland/Gdynia/Karwiny | large,Poland/Gdynia,2023 2024 2025,res-1.0,0.11857679911771221,age<25|F,0.008438613232941431,2099.0,0.08192883895131085
Poland/Gdynia/Leszczynki | large,Poland/Gdynia,2023 2024 2025,res-1.0,0.1337436630212736,age60+|M,0.01341925854434138,1104.0,0.248475883800256
Poland/Gdynia/Mały Kack | large,Poland/Gdynia,2023 2024 2025,res-1.0,0.06775933042373984,age25-39|M,-0.0015144813015543362,5283.0,0.1758478195986286
Poland/Gdynia/Obłuże | large,Poland/Gdynia,2023 2024 2025,res-1.0,0.07414202564077883,age40-59|M,0.003101706494999598,3954.0,0.257203378878405
Poland/Gdynia/Oksywie | large,Poland/Gdynia,2023 2024 2025,res-1.0,0.08962228360017006,age60+|M,-0.0006929504169276011,1753.0,0.37314708692446796
Poland/Gdynia/Orłowo | large,Poland/Gdynia,2023 2024 2025,res-1.0,0.11450803019472215,age60+|M,-0.0006281914067930408,1005.0,0.23660474867144457
Poland/Gdynia/Pogórze | large,Poland/Gdynia,2023 2024 2025,res-1.0,0.10250358719492408,age<25|F,0.010595224121304618,1755.0,0.1685962248311791
Poland/Gdynia/Pustki Cisowskie-Demptowo | large,Poland/Gdynia,2023 2024 2025,res-1.0,0.15742273967660797,age25-39|M,0.0012916586674549947,2418.0,0.38229531710031806
Poland/Gdynia/Redłowo | large,Poland/Gdynia,2023 2024 2025,res-1.0,0.16662237057071502,age60+|F,0.012426306662429148,2022.0,0.23264852268676708
Poland/Gdynia/Wielki Kack | large,Poland/Gdynia,2023 2024 2025,res-1.0,0.11138347702804559,age25-39|M,0.010314050254655737,5228.0,0.25891787194147237
Poland/Gdynia/Witomino | large,Poland/Gdynia,2023 2024 2025,res-1.0,0.17330366586156512,age60+|M,0.019230972846449874,4014.0,0.21696625391261026
Poland/Gdynia/Wzgórze Św. Maksymiliana | large,Poland/Gdynia,2023 2024 2025,res-1.0,0.17011877999172945,age60+|M,0.010808962395223448,1084.0,0.5109057528560316
Poland/Gdynia/Śródmieście | large,Poland/Gdynia,2023 2024 2025,res-1.0,0.1901995963449087,age60+|F,0.01847308945996779,1217.0,0.4485116717543585
Poland/Łódź/Andrzejów,Poland/Łódź,2023 2024 2025,res-1.0,0.1703952153971216,age<25|F,0.012668457082025597,5834.0,0.23671902630293287
Poland/Łódź/Bałuty Zachodnie,Poland/Łódź,2023 2024 2025,res-1.0,0.15534062614840466,age<25|M,-0.02113738706807877,17780.0,0.12450394058746021
Poland/Łódź/Bałuty-Centrum,Poland/Łódź,2023 2024 2025,res-1.0,0.0944465772560895,age<25|F,0.004397400513808646,21526.0,0.14149085997260163
Poland/Łódź/Bałuty-Doły,Poland/Łódź,2023 2024 2025,res-1.0,0.10749437164406271,age60+|M,0.016479256012495523,17277.0,0.21505015891136767
Poland/Łódź/Chojny,Poland/Łódź,2023 2024 2025,res-1.0,0.06660315827807896,age60+|M,0.008958314909482129,19661.0,0.13122619070144334
Poland/Łódź/Chojny-Dąbrowa,Poland/Łódź,2023 2024 2025,res-1.0,0.1547660368377914,age<25|M,0.014277980519303117,19063.0,0.23014062466271665
Poland/Łódź/Dolina Łódki,Poland/Łódź,2023 2024 2025,res-1.0,0.3309921099796732,age60+|M,0.011284947411773985,2077.0,0.5799548287706098
Poland/Łódź/Górniak,Poland/Łódź,2023 2024 2025,res-1.0,0.15086648244221323,age<25|M,0.01648657648834341,6425.0,0.16125489466025597
Poland/Łódź/Im. Józefa Montwiłła-Mireckiego,Poland/Łódź,2023 2024 2025,res-1.0,0.2727068667274442,age<25|M,0.02867020646179328,2976.0,0.09268594487956293
Poland/Łódź/Julianów-Marysin-Rogi,Poland/Łódź,2023 2024 2025,res-1.0,0.09069838077772696,age60+|F,-0.012875554956433253,11966.0,0.08340542663191179
Poland/Łódź/Karolew-Retkinia Wschód,Poland/Łódź,2023 2024 2025,res-1.0,0.05331581384903195,age<25|M,0.0040839602247140505,22115.0,0.1129686533226605
Poland/Łódź/Katedralna,Poland/Łódź,2023 2024 2025,res-1.0,0.09165888313051078,age<25|M,0.00773974014382213,10512.0,0.11770454995316648
Poland/Łódź/Koziny,Poland/Łódź,2023 2024 2025,res-1.0,0.1612037895975896,age25-39|M,0.01607628658915801,9015.0,0.10248942662933834
Poland/Łódź/Lublinek-Pienista,Poland/Łódź,2023 2024 2025,res-1.0,0.11197754355318809,age<25|M,0.010969914141784476,13263.0,0.10972765355133533
Poland/Łódź/Mileszki,Poland/Łódź,2023 2024 2025,res-1.0,0.19980741104058514,age25-39|M,-0.003210359614733418,2513.0,0.3030061784129748
Poland/Łódź/Nad Nerem,Poland/Łódź,2023 2024 2025,res-1.0,0.11274966546127053,age40-59|F,-0.00452129320061454,1807.0,0.10103140814656224
Poland/Łódź/Nowosolna,Poland/Łódź,2023 2024 2025,res-1.0,0.1349655352590845,age60+|M,0.013089265683765491,8201.0,0.27777212354014297
Poland/Łódź/Nr 33,Poland/Łódź,2023 2024 2025,res-1.0,0.2111883860998652,age<25|M,0.014704707851793097,2526.0,0.054442510954009794
Poland/Łódź/Olechów-Janów,Poland/Łódź,2023 2024 2025,res-1.0,0.16187578512584982,age<25|M,0.01415529780620559,18824.0,0.1339214047063044
Poland/Łódź/Piastów-Kurak,Poland/Łódź,2023 2024 2025,res-1.0,0.10387599846747332,age40-59|M,-0.003229671687935567,6532.0,0.15914711684296504
Poland/Łódź/Radogoszcz,Poland/Łódź,2023 2024 2025,res-1.0,0.026502408177798892,age25-39|F,-0.00043087917395588995,27858.0,0.09276238159824224
Poland/Łódź/Retkinia Zachód-Smulsko,Poland/Łódź,2023 2024 2025,res-1.0,0.037248498127830994,age25-39|M,0.004048724201880182,20959.0,0.06606699098986506
Poland/Łódź/Rokicie,Poland/Łódź,2023 2024 2025,res-1.0,0.08921519966631078,age<25|M,0.013519371583360052,7221.0,0.22565234888905553
Poland/Łódź/Ruda,Poland/Łódź,2023 2024 2025,res-1.0,0.168142503558089,age60+|M,0.007091182745253473,8113.0,0.1566616819615663
Poland/Łódź/Stare Polesie,Poland/Łódź,2023 2024 2025,res-1.0,0.22228838868759881,age<25|M,0.01320941910140849,13029.0,0.108406934847525
Poland/Łódź/Stary Widzew,Poland/Łódź,2023 2024 2025,res-1.0,0.2285077232671819,age<25|M,0.018998353291486296,11174.0,0.25503316080092436
Poland/Łódź/Stoki-Sikawa-Podgórze,Poland/Łódź,2023 2024 2025,res-1.0,0.16771370207098482,age<25|M,0.007883752429633946,9323.0,0.24747242261437222
Poland/Łódź/Teofilów-Wielkopolska,Poland/Łódź,2023 2024 2025,res-1.0,0.21208695977452696,age<25|M,-0.016060594812752606,37194.0,0.07690808449985313
Poland/Łódź/Widzew-Wschód,Poland/Łódź,2023 2024 2025,res-1.0,0.07786505149514875,age25-39|F,-0.0025886362796588612,29814.0,0.06976946317876985
Poland/Łódź/Wiskitno,Poland/Łódź,2023 2024 2025,res-1.0,0.1583972592259294,age25-39|M,0.007496308147115213,5552.0,0.3426164012933742
Poland/Łódź/Wzniesień Łódzkich,Poland/Łódź,2023 2024 2025,res-1.0,0.15524058823984052,age25-39|F,-0.008910245169341224,2281.0,0.20703179336835745
Poland/Łódź/Zarzew,Poland/Łódź,2023 2024 2025,res-1.0,0.11840884234410412,age60+|M,0.01554085355784182,13220.0,0.07868840108860449
Poland/Łódź/Zdrowie-Mania,Poland/Łódź,2023 2024 2025,res-1.0,0.14542197917051103,age40-59|M,0.005953695290597676,4374.0,0.03954618961901526
Poland/Łódź/Złotno,Poland/Łódź,2023 2024 2025,res-1.0,0.07630380779696982,age60+|F,0.010538669331089445,12637.0,0.14780045806638328
Poland/Łódź/Łagiewniki,Poland/Łódź,2023 2024 2025,res-1.0,0.0695568720294309,age<25|F,-0.00665012286960148,4936.0,0.3075528325072369
Poland/Łódź/Śródmieście-Wschód,Poland/Łódź,2023 2024 2025,res-1.0,0.08304216270279642,age<25|M,-0.00529625200605687,10414.0,0.14400926783874532
