floor,kernel,series,n_years,worst_csd,mean_csd,welfare,exclusion,spent
0.0,direct,Poland/Warszawa/Bemowo,3,0.06017951684007915,-0.030852874190598952,48364.0,0.09982298949531987,12473664.0
0.0,direct,Poland/Warszawa/Białołęka,3,0.12691168776699954,0.031245281953883253,55775.0,0.17428109004507894,12632530.0
0.0,direct,Poland/Warszawa/Bielany,3,0.06039230179908459,-0.007391963838293896,25552.0,0.2114150689400435,13303485.0
0.0,direct,Poland/Warszawa/Mokotów,3,0.09695495145049567,0.007544021497026901,83002.0,0.07654925770671535,22143596.0
0.0,direct,Poland/Warszawa/Ochota,3,0.10550427615712434,0.010508382867775801,26127.0,0.18807856664487543,8405065.0
0.0,direct,Poland/Warszawa/Praga-Południe,3,0.11382691425716826,-0.013915906428205012,40829.0,0.24231220465008763,18322049.0
0.0,direct,Poland/Warszawa/Praga-Północ,3,0.13591017115653525,-0.003970412113915647,11962.0,0.1765461326651824,6588811.0
0.0,direct,Poland/Warszawa/Rembertów,3,0.22014971758610097,0.004777608975520827,9115.0,0.2668098374994666,3391812.0
0.0,direct,Poland/Warszawa/Targówek,3,0.0715502577674921,-0.0034829857566720576,25623.0,0.20656334363311415,12556400.0
0.0,direct,Poland/Warszawa/Ursus,3,0.14974454299550105,-0.014372444462280167,27621.0,0.1478989183670736,6293604.0
0.0,direct,Poland/Warszawa/Ursynów,3,0.10647820589839446,0.010893792935397217,53998.0,0.08968227756752715,15438694.0
0.0,direct,Poland/Warszawa/Wawer,3,0.09640944510043145,-0.025616173751954924,27424.0,0.15057791565966885,7903568.0
0.0,direct,Poland/Warszawa/Wesoła,3,0.10116243896815733,-0.027357888992462685,7841.0,0.2159117008112573,3399755.0
0.0,direct,Poland/Warszawa/Wilanów,3,0.26039889167331276,0.04056280868733706,26811.0,0.0032323510016617346,3766505.0
0.0,direct,Poland/Warszawa/Wola,3,0.13652744842327777,0.032028945841673165,38549.0,0.1140626524072099,14495432.0
0.0,direct,Poland/Warszawa/Włochy,3,0.07802875201910751,0.00893206354519919,27043.0,0.041405566278469336,4456410.0
0.0,direct,Poland/Warszawa/Śródmieście,3,0.140422812035718,-0.0030933708948919615,23648.0,0.159714671339608,11690653.0
0.0,direct,Poland/Warszawa/Żoliborz,3,0.1506039372142476,0.027463198119336302,26830.0,0.0812472050606418,5227148.0
0.0,static-floor,Poland/Warszawa/Bemowo,3,0.03817705553957642,-0.017936500141853114,65055.0,0.05530871322953813,12477384.0
0.0,static-floor,Poland/Warszawa/Białołęka,3,0.08793974523236392,0.010657662208492605,61501.0,0.14418181059681803,12629929.0
0.0,static-floor,Poland/Warszawa/Bielany,3,0.08517968316791116,0.009511937057431289,30423.0,0.177671446155388,13299205.0
0.0,static-floor,Poland/Warszawa/Mokotów,3,0.1824965959660723,0.0297328251736172,96554.0,0.057187520119476955,22132476.0
0.0,static-floor,Poland/Warszawa/Ochota,3,0.11362950832054551,0.010991357774635144,25860.0,0.09532467739350425,8398415.0
0.0,static-floor,Poland/Warszawa/Praga-Południe,3,0.13527542175227694,0.029636371360496478,77525.0,0.10476973074227142,18284545.0
0.0,static-floor,Poland/Warszawa/Praga-Północ,3,0.039233534300251754,-0.004970482750610382,19453.0,0.06628711908743928,6586553.0
0.0,static-floor,Poland/Warszawa/Rembertów,3,0.13856955344672664,0.013586408794040801,11056.0,0.10533045715482105,3396799.0
0.0,static-floor,Poland/Warszawa/Targówek,3,0.13894667841901837,0.0061083453805451556,35984.0,0.1217365798331665,12545619.0
0.0,static-floor,Poland/Warszawa/Ursus,3,0.08942527687888895,-0.019371658889021426,31548.0,0.14021408844970734,6270440.0
0.0,static-floor,Poland/Warszawa/Ursynów,3,0.07705832856460931,0.009928504319348557,60490.0,0.06494148075531167,15451392.0
0.0,static-floor,Poland/Warszawa/Wawer,3,0.06063202958826861,0.007268823157373923,34029.0,0.13310736920214686,7628635.0
0.0,static-floor,Poland/Warszawa/Wesoła,3,0.1839409566468827,0.008406755735744722,9876.0,0.11898389185618417,3391049.0
0.0,static-floor,Poland/Warszawa/Wilanów,3,0.26039889167331276,0.04056280868733706,26811.0,0.0032323510016617346,3766505.0
0.0,static-floor,Poland/Warszawa/Wola,3,0.11455197113543804,0.01937884810021707,43558.0,0.09370683865743978,14495310.0
0.0,static-floor,Poland/Warszawa/Włochy,3,0.08399456813970411,0.019361576015465995,24913.0,0.04919426159808845,4463350.0
0.0,static-floor,Poland/Warszawa/Śródmieście,3,0.17381599529505473,0.016805267471388406,37023.0,0.09321471064932128,11477023.0
0.0,static-floor,Poland/Warszawa/Żoliborz,3,0.09294719899136152,0.0023409148131485306,27509.0,0.05887488900370109,5186048.0
0.0,payment+completion,Poland/Warszawa/Bemowo,3,0.07489068276285334,0.00487204870722722,97600.0,0.03143065728516989,12468966.0
0.0,payment+completion,Poland/Warszawa/Białołęka,3,0.09259354549156329,0.022994956126971212,100819.0,0.07639618940573342,12581800.0
0.0,payment+completion,Poland/Warszawa/Bielany,3,0.07411498000638755,0.01411958398333129,60881.0,0.07445751532442371,13268765.0
0.0,payment+completion,Poland/Warszawa/Mokotów,3,0.22989529088393845,0.04233970040122178,145406.0,0.03417944133992551,21812035.0
0.0,payment+completion,Poland/Warszawa/Ochota,3,0.16370985826188103,0.02575779976879193,47719.0,0.032720829519138864,8307175.0
0.0,payment+completion,Poland/Warszawa/Praga-Południe,3,0.152185375610725,0.04302094232191219,118559.0,0.07347121643500333,18291479.0
0.0,payment+completion,Poland/Warszawa/Praga-Północ,3,0.030927324019628027,0.004039359686517176,32675.0,0.035217528382857445,6575190.0
0.0,payment+completion,Poland/Warszawa/Rembertów,3,0.13555232291354388,0.0191508118919413,18482.0,0.05425019402162434,3381949.0
0.0,payment+completion,Poland/Warszawa/Targówek,3,0.16633386894700702,0.025363268202343855,65673.0,0.05435609362555994,12524432.0
0.0,payment+completion,Poland/Warszawa/Ursus,3,0.14927909138004647,0.01981614896708658,57864.0,0.027058253513802897,6271482.0
0.0,payment+completion,Poland/Warszawa/Ursynów,3,0.04067644124937029,0.00036973244318594774,97407.0,0.02502419473825306,15404883.0
0.0,payment+completion,Poland/Warszawa/Wawer,3,0.11265049508161808,0.01902244730033184,59555.0,0.05822824401123156,7614471.0
0.0,payment+completion,Poland/Warszawa/Wesoła,3,0.18486987977870614,0.00668648905623467,16310.0,0.05290209066294,3380002.0
0.0,payment+completion,Poland/Warszawa/Wilanów,3,0.24655144824470154,0.04080373035269304,28729.0,0.004378747396299093,3806457.0
0.0,payment+completion,Poland/Warszawa/Wola,3,0.12652766364491533,0.028805697482447285,86085.0,0.034173713953247455,13984325.0
0.0,payment+completion,Poland/Warszawa/Włochy,3,0.07371116418784689,0.013124163515722792,35699.0,0.034027650620998585,4342510.0
0.0,payment+completion,Poland/Warszawa/Śródmieście,3,0.16654928618161227,0.03654064943394473,59132.0,0.026781241434319817,11431313.0
0.0,payment+completion,Poland/Warszawa/Żoliborz,3,0.0869359138802043,0.01635306385079199,40076.0,0.039864906622506906,5203689.0
0.0,payment-only,Poland/Warszawa/Bemowo,3,0.04686213299944356,-0.002162189484649629,86415.0,0.03611137348517577,11133336.0
0.0,payment-only,Poland/Warszawa/Białołęka,3,0.09975013143650466,0.02159698083438723,91262.0,0.0837608616390122,10197235.0
0.0,payment-only,Poland/Warszawa/Bielany,3,0.0514367784734361,0.0028868920917265012,52735.0,0.08166707667240937,11139140.0
0.0,payment-only,Poland/Warszawa/Mokotów,3,0.1783767337572339,0.0330461643645921,120764.0,0.05092573412040446,18327807.0
0.0,payment-only,Poland/Warszawa/Ochota,3,0.14711357308756562,0.02033195679968963,41532.0,0.04512793019471457,7335095.0
0.0,payment-only,Poland/Warszawa/Praga-Południe,3,0.1386253023508757,0.033899206435592015,104397.0,0.0824834013631111,14605379.0
0.0,payment-only,Poland/Warszawa/Praga-Północ,3,0.034185627612538676,-0.003010283925685534,27337.0,0.04499283215782807,5732541.0
0.0,payment-only,Poland/Warszawa/Rembertów,3,0.09096872554821908,0.008602964226558657,14800.0,0.08372698446348427,2700149.0
0.0,payment-only,Poland/Warszawa/Targówek,3,0.16444350704201816,0.012261166695598983,59932.0,0.06757041721292326,10541556.0
0.0,payment-only,Poland/Warszawa/Ursus,3,0.16728576743300888,0.014753174814866626,50720.0,0.03315579901387682,5572817.0
0.0,payment-only,Poland/Warszawa/Ursynów,3,0.05499379804924114,-0.0005762753760918259,87655.0,0.03496588652021435,13443793.0
0.0,payment-only,Poland/Warszawa/Wawer,3,0.07870888466006659,0.0059254978573568045,52644.0,0.06831646654721357,5777141.0
0.0,payment-only,Poland/Warszawa/Wesoła,3,0.17673945884739725,0.007858662705929258,13861.0,0.06407397790187878,2831387.0
0.0,payment-only,Poland/Warszawa/Wilanów,3,0.22189690122482003,0.036136250961195084,25583.0,0.006300168672697647,3304587.0
0.0,payment-only,Poland/Warszawa/Wola,3,0.12159899768227388,0.023198117967951907,77427.0,0.03591068884602589,12516785.0
0.0,payment-only,Poland/Warszawa/Włochy,3,0.09306149761838728,0.02421356154721853,31749.0,0.040006339669963094,3882750.0
0.0,payment-only,Poland/Warszawa/Śródmieście,3,0.12132611509309277,0.024401153710464932,49057.0,0.03799026054733259,9456723.0
0.0,payment-only,Poland/Warszawa/Żoliborz,3,0.06509870372887643,0.0007953330276714657,33696.0,0.05739483601767931,4478189.0
0.85,direct,Poland/Warszawa/Bemowo,3,0.05649532870751011,-0.00011563628025149943,98305.0,0.03987883642816414,12425544.0
0.85,direct,Poland/Warszawa/Białołęka,3,0.058800041049068594,0.005846702981048866,104846.0,0.07668201823436738,12617919.0
0.85,direct,Poland/Warszawa/Bielany,3,0.06539858085760018,-0.010995496057659572,68711.0,0.07636403174626373,13248125.0
0.85,direct,Poland/Warszawa/Mokotów,3,0.1610488691116344,0.019658776144578022,139045.0,0.03531852780516147,21478361.0
0.85,direct,Poland/Warszawa/Ochota,3,0.1798222919643441,0.029196275688227045,57315.0,0.028492967588673757,8002060.0
0.85,direct,Poland/Warszawa/Praga-Południe,3,0.1318289061735406,0.019938775974831756,114175.0,0.07979448409982572,18244619.0
0.85,direct,Poland/Warszawa/Praga-Północ,3,0.02036971069545831,-0.009729564790390841,34324.0,0.02645730780936438,6572292.0
0.85,direct,Poland/Warszawa/Rembertów,3,0.09993474337034638,0.008648625405020524,20412.0,0.0481361883905791,3368720.0
0.85,direct,Poland/Warszawa/Targówek,3,0.0652670383846659,-0.02510835540295682,66490.0,0.058487540782981906,12538112.0
0.85,direct,Poland/Warszawa/Ursus,3,0.19366885462394498,0.02962619357178526,69739.0,0.023679097080056177,6244855.0
0.85,direct,Poland/Warszawa/Ursynów,3,0.0581550622489136,-0.009255715723573915,100258.0,0.028319699638177303,15400701.0
0.85,direct,Poland/Warszawa/Wawer,3,0.12225115058002704,0.017600048838099534,59917.0,0.05660199661491492,7608241.0
0.85,direct,Poland/Warszawa/Wesoła,3,0.12417125733673269,-0.016952643486395167,16425.0,0.06172669310423053,3373752.0
0.85,direct,Poland/Warszawa/Wilanów,3,0.2655593788361591,0.04243375704408863,28599.0,0.0055166828206115485,3631092.0
0.85,direct,Poland/Warszawa/Wola,3,0.1369062192544519,0.023017567920395308,88156.0,0.033945318816317696,14023675.0
0.85,direct,Poland/Warszawa/Włochy,3,0.06498521307169386,0.011823178272569753,35156.0,0.030203892979935868,4396490.0
0.85,direct,Poland/Warszawa/Śródmieście,3,0.14097408658898697,0.025798858678088683,53348.0,0.03878510900727619,11461523.0
0.85,direct,Poland/Warszawa/Żoliborz,3,0.12900631770977264,0.020323165522040068,43090.0,0.061423048974530166,5183359.0
0.85,static-floor,Poland/Warszawa/Bemowo,3,0.04265332318505584,-0.0005754716755125074,97436.0,0.03965478444810477,12417152.0
0.85,static-floor,Poland/Warszawa/Białołęka,3,0.16685851775291274,0.031704884251302634,108553.0,0.06935616038324459,12622419.0
0.85,static-floor,Poland/Warszawa/Bielany,3,0.060742620251509914,0.0007469670849569222,68194.0,0.07654139091071542,13251625.0
0.85,static-floor,Poland/Warszawa/Mokotów,3,0.19912903769516763,0.03442752041290555,144386.0,0.03510204593077856,21484011.0
0.85,static-floor,Poland/Warszawa/Ochota,3,0.1798222919643441,0.029196275688227045,57315.0,0.028492967588673757,8002060.0
0.85,static-floor,Poland/Warszawa/Praga-Południe,3,0.15768680430799192,0.042224419876549235,120799.0,0.07479652419085973,18198469.0
0.85,static-floor,Poland/Warszawa/Praga-Północ,3,0.03462117909462242,0.005119852861967961,35267.0,0.02384964014851726,6546040.0
0.85,static-floor,Poland/Warszawa/Rembertów,3,0.1524516654640049,0.017307872841741484,20673.0,0.04942236202401962,3368920.0
0.85,static-floor,Poland/Warszawa/Targówek,3,0.16412231000908722,0.01144609928171424,66142.0,0.0539026467069341,12522682.0
0.85,static-floor,Poland/Warszawa/Ursus,3,0.1778861113960097,0.02434433512187521,68015.0,0.024747736619719143,6261855.0
0.85,static-floor,Poland/Warszawa/Ursynów,3,0.03799349268750451,-0.0062124602250000945,100881.0,0.027454946957443993,15359881.0
0.85,static-floor,Poland/Warszawa/Wawer,3,0.12706029415013367,0.017960842807740917,59326.0,0.05695206312755232,7602341.0
0.85,static-floor,Poland/Warszawa/Wesoła,3,0.148518076349507,0.007086860134076129,16925.0,0.054295695227372785,3362952.0
0.85,static-floor,Poland/Warszawa/Wilanów,3,0.2655593788361591,0.04243375704408863,28599.0,0.0055166828206115485,3631092.0
0.85,static-floor,Poland/Warszawa/Wola,3,0.14675606510719244,0.030306351353586544,90729.0,0.03539746403083915,14000521.0
0.85,static-floor,Poland/Warszawa/Włochy,3,0.0673938934412504,0.010820195055979214,34995.0,0.03353405473064947,4377490.0
0.85,static-floor,Poland/Warszawa/Śródmieście,3,0.1529756198700529,0.029724923063625022,57562.0,0.030460018337971875,11462963.0
0.85,static-floor,Poland/Warszawa/Żoliborz,3,0.12900631770977264,0.020323165522040068,43090.0,0.061423048974530166,5183359.0
0.85,payment+completion,Poland/Warszawa/Bemowo,3,0.12625593550513828,0.021248313159329464,106042.0,0.030321541376811395,12443836.0
0.85,payment+completion,Poland/Warszawa/Białołęka,3,0.1999523380765267,0.04386579567602564,112484.0,0.06785133884152313,12587253.0
0.85,payment+completion,Poland/Warszawa/Bielany,3,0.08729346852103792,0.019632060415436088,68122.0,0.06896818171153717,13243530.0
0.85,payment+completion,Poland/Warszawa/Mokotów,3,0.24477406537155028,0.04690699902640699,158053.0,0.03724902347671,21738335.0
0.85,payment+completion,Poland/Warszawa/Ochota,3,0.2406912485735948,0.0410060681640468,57773.0,0.030282413308931427,8317525.0
0.85,payment+completion,Poland/Warszawa/Praga-Południe,3,0.17294412614707086,0.050353508546383985,125668.0,0.07333118451307134,18234119.0
0.85,payment+completion,Poland/Warszawa/Praga-Północ,3,0.08316101712210314,0.01631350590586445,36436.0,0.022950943247206135,6540452.0
0.85,payment+completion,Poland/Warszawa/Rembertów,3,0.16171658975381126,0.026513841469533294,20475.0,0.04528182129464129,3365034.0
0.85,payment+completion,Poland/Warszawa/Targówek,3,0.23819536722598578,0.041605913510767256,71833.0,0.057889411883979724,12482491.0
0.85,payment+completion,Poland/Warszawa/Ursus,3,0.22945391196202283,0.0553034884442222,70670.0,0.028030520420382104,6240025.0
0.85,payment+completion,Poland/Warszawa/Ursynów,3,0.02633785450572781,-0.0026010547115781924,101188.0,0.024875489373978706,15358139.0
0.85,payment+completion,Poland/Warszawa/Wawer,3,0.12880722611251527,0.024560035662827908,60420.0,0.06109878941485825,7587585.0
0.85,payment+completion,Poland/Warszawa/Wesoła,3,0.2930816311899821,0.044345163620843585,18466.0,0.0437990877820135,3311700.0
0.85,payment+completion,Poland/Warszawa/Wilanów,3,0.24695653489352043,0.04461860825363659,28542.0,0.004387208366623998,3662440.0
0.85,payment+completion,Poland/Warszawa/Wola,3,0.19500702163906553,0.05436868438213301,92178.0,0.04017312106569363,13978471.0
0.85,payment+completion,Poland/Warszawa/Włochy,3,0.07142005413411961,0.011469600170872778,37428.0,0.029912854026090435,4371630.0
0.85,payment+completion,Poland/Warszawa/Śródmieście,3,0.24927116286832632,0.04788072533809782,62497.0,0.03563521850040514,11472613.0
0.85,payment+completion,Poland/Warszawa/Żoliborz,3,0.30867156945549373,0.04961659724652566,45393.0,0.07265286949903423,5188059.0
0.85,payment-only,Poland/Warszawa/Bemowo,3,0.07581047257457288,0.012542613407131148,96941.0,0.034815536646876644,9865336.0
0.85,payment-only,Poland/Warszawa/Białołęka,3,0.19473365447704175,0.04310767943461768,98871.0,0.08378232215251173,8623319.0
0.85,payment-only,Poland/Warszawa/Bielany,3,0.06721200255726051,0.01269846634952931,60685.0,0.09049832228859965,9631415.0
0.85,payment-only,Poland/Warszawa/Mokotów,3,0.24080428789793723,0.0435372998865708,140477.0,0.042804106708005406,15537385.0
0.85,payment-only,Poland/Warszawa/Ochota,3,0.24271903111769014,0.03633113592455508,51607.0,0.042911084289535086,6232560.0
0.85,payment-only,Poland/Warszawa/Praga-Południe,3,0.13762616482564594,0.0377163082570518,110065.0,0.07920282555256991,13479119.0
0.85,payment-only,Poland/Warszawa/Praga-Północ,3,0.01741263975886957,-0.001700888125139079,32369.0,0.03192337912410618,5173672.0
0.85,payment-only,Poland/Warszawa/Rembertów,3,0.14370752804555098,0.02039480918975442,18013.0,0.055159543481993985,2344980.0
0.85,payment-only,Poland/Warszawa/Targówek,3,0.1728280731576751,0.02380320375675763,63766.0,0.06551379294225709,9375922.0
0.85,payment-only,Poland/Warszawa/Ursus,3,0.20239014717259576,0.04146666847174229,63066.0,0.03690322699474612,4561065.0
0.85,payment-only,Poland/Warszawa/Ursynów,3,0.05443411050501972,-0.0015453246022849054,93955.0,0.03399149025162752,12115029.0
0.85,payment-only,Poland/Warszawa/Wawer,3,0.10047354713929674,0.012823779849124238,53071.0,0.06735222175001346,5547635.0
0.85,payment-only,Poland/Warszawa/Wesoła,3,0.261140358438391,0.03480666832059257,16152.0,0.05727437369025714,2365300.0
0.85,payment-only,Poland/Warszawa/Wilanów,3,0.2092445497752712,0.03977753605611973,25153.0,0.007867140376869843,2868457.0
0.85,payment-only,Poland/Warszawa/Wola,3,0.18020689680616025,0.04548667392349951,82228.0,0.04941710609501764,9802471.0
0.85,payment-only,Poland/Warszawa/Włochy,3,0.05826626667996518,0.009640251720085027,33672.0,0.040277200900968195,3650400.0
0.85,payment-only,Poland/Warszawa/Śródmieście,3,0.22416467533323084,0.03851788125255504,52630.0,0.053463363539794466,7336063.0
0.85,payment-only,Poland/Warszawa/Żoliborz,3,0.30556355058544343,0.04651152422699876,39945.0,0.08842935613660052,3724150.0
1.0,direct,Poland/Warszawa/Bemowo,3,0.1185412960788289,0.020305814286602393,106661.0,0.03784633519355456,12409336.0
1.0,direct,Poland/Warszawa/Białołęka,3,0.23825187731453867,0.04960531344006042,115833.0,0.0712203635063931,12569259.0
1.0,direct,Poland/Warszawa/Bielany,3,0.06928635011727736,0.014408677653980016,72477.0,0.06997825115296367,13244415.0
1.0,direct,Poland/Warszawa/Mokotów,3,0.26905423033676706,0.052544624294548155,161825.0,0.03176311269096991,21462020.0
1.0,direct,Poland/Warszawa/Ochota,3,0.21309497526732948,0.03443340168573616,58372.0,0.03825730542856613,8044960.0
1.0,direct,Poland/Warszawa/Praga-Południe,3,0.18083706627476998,0.05008801605737657,128772.0,0.06966858083767981,18169669.0
1.0,direct,Poland/Warszawa/Praga-Północ,3,0.1119208725771927,0.030336892611043643,37792.0,0.02193407825171438,6423972.0
1.0,direct,Poland/Warszawa/Rembertów,3,0.12637561790074267,0.019022967252309977,20989.0,0.04379246613169375,3334920.0
1.0,direct,Poland/Warszawa/Targówek,3,0.1675718277660309,0.025708578406756537,73107.0,0.05359572184380499,12484622.0
1.0,direct,Poland/Warszawa/Ursus,3,0.2010144181804488,0.049147393874132285,72525.0,0.028803636628987606,6226515.0
1.0,direct,Poland/Warszawa/Ursynów,3,0.0683614278590785,-0.0003137065607475295,105561.0,0.025708747251699124,15391873.0
1.0,direct,Poland/Warszawa/Wawer,3,0.15174347381452005,0.03185645598017811,62097.0,0.08826425638219504,7608755.0
1.0,direct,Poland/Warszawa/Wesoła,3,0.135928347989863,0.01775925448769841,18891.0,0.03714117606510628,3293750.0
1.0,direct,Poland/Warszawa/Wilanów,3,0.2655593788361591,0.04243375704408864,28599.0,0.0055166828206115485,3631092.0
1.0,direct,Poland/Warszawa/Wola,3,0.15009754026596214,0.03655447950624646,92437.0,0.037905935303348716,13864771.0
1.0,direct,Poland/Warszawa/Włochy,3,0.06964742684780845,0.01597418763915773,39056.0,0.02537828589183103,4407310.0
1.0,direct,Poland/Warszawa/Śródmieście,3,0.25783568745923363,0.04395818599833625,62330.0,0.04069765592953152,11110363.0
1.0,direct,Poland/Warszawa/Żoliborz,3,0.31530177439795676,0.042143996346632205,45733.0,0.07751904954769605,5122650.0
1.0,static-floor,Poland/Warszawa/Bemowo,3,0.11365456821379899,0.019000831231717568,106479.0,0.038137456008692845,12390086.0
1.0,static-floor,Poland/Warszawa/Białołęka,3,0.23997571066524556,0.052508488942266535,115658.0,0.07111845787101147,12438859.0
1.0,static-floor,Poland/Warszawa/Bielany,3,0.06928635011727736,0.014408677653980016,72477.0,0.06997825115296367,13244415.0
1.0,static-floor,Poland/Warszawa/Mokotów,3,0.26905423033676706,0.052544624294548155,161825.0,0.03176311269096991,21462020.0
1.0,static-floor,Poland/Warszawa/Ochota,3,0.21309497526732948,0.03443340168573616,58372.0,0.03825730542856613,8044960.0
1.0,static-floor,Poland/Warszawa/Praga-Południe,3,0.17680252210579267,0.04907201704993204,128196.0,0.07023096534800359,18098969.0
1.0,static-floor,Poland/Warszawa/Praga-Północ,3,0.13390859080187448,0.03514109571264579,37967.0,0.020024952631248552,6528722.0
1.0,static-floor,Poland/Warszawa/Rembertów,3,0.13997659977317103,0.023554678508294898,21069.0,0.0431493793149735,3346920.0
1.0,static-floor,Poland/Warszawa/Targówek,3,0.1675718277660309,0.025708578406756537,73107.0,0.05359572184380499,12484622.0
1.0,static-floor,Poland/Warszawa/Ursus,3,0.2010144181804488,0.049147393874132285,72525.0,0.028803636628987606,6226515.0
1.0,static-floor,Poland/Warszawa/Ursynów,3,0.06669471610455177,0.00035031845272246126,105451.0,0.025766397430414676,15319073.0
1.0,static-floor,Poland/Warszawa/Wawer,3,0.15174347381452005,0.03185645598017811,62097.0,0.08826425638219504,7608755.0
1.0,static-floor,Poland/Warszawa/Wesoła,3,0.21815473453559572,0.03645075806566662,19002.0,0.03846813997168802,3294500.0
1.0,static-floor,Poland/Warszawa/Wilanów,3,0.2655593788361591,0.04243375704408864,28599.0,0.0055166828206115485,3631092.0
1.0,static-floor,Poland/Warszawa/Wola,3,0.16842405567555935,0.042413063345576624,92877.0,0.040744219131731554,13801771.0
1.0,static-floor,Poland/Warszawa/Włochy,3,0.06964742684780845,0.01597418763915773,39056.0,0.02537828589183103,4407310.0
1.0,static-floor,Poland/Warszawa/Śródmieście,3,0.25783568745923363,0.04395818599833625,62330.0,0.04069765592953152,11110363.0
1.0,static-floor,Poland/Warszawa/Żoliborz,3,0.31530177439795676,0.042143996346632205,45733.0,0.07751904954769605,5122650.0
1.0,payment+completion,Poland/Warszawa/Bemowo,3,0.15672736215570696,0.029979352471052666,108427.0,0.0285569485851702,12393256.0
1.0,payment+completion,Poland/Warszawa/Białołęka,3,0.17642980869779387,0.04161033575902947,111186.0,0.07029098947802058,12471289.0
1.0,payment+completion,Poland/Warszawa/Bielany,3,0.10992262855532994,0.027583026146087732,70348.0,0.07011742969471976,13299230.0
1.0,payment+completion,Poland/Warszawa/Mokotów,3,0.28597260279388714,0.055233451421516984,157996.0,0.039010732293148116,21749237.0
1.0,payment+completion,Poland/Warszawa/Ochota,3,0.23789631253779694,0.04031089067948547,58538.0,0.03089572210991272,8309560.0
1.0,payment+completion,Poland/Warszawa/Praga-Południe,3,0.2016395021799364,0.05940436586820219,126322.0,0.07094008555479829,18217119.0
1.0,payment+completion,Poland/Warszawa/Praga-Północ,3,0.17418915086701708,0.04694478085854876,37284.0,0.024421226335124013,6515032.0
1.0,payment+completion,Poland/Warszawa/Rembertów,3,0.18428274615887905,0.03217626181434084,20800.0,0.04161379184313541,3374120.0
1.0,payment+completion,Poland/Warszawa/Targówek,3,0.20703070490197192,0.040674858311463905,72624.0,0.056732583534278756,12499011.0
1.0,payment+completion,Poland/Warszawa/Ursus,3,0.23378955249645406,0.06079891901874787,71717.0,0.030230883297799122,6244175.0
1.0,payment+completion,Poland/Warszawa/Ursynów,3,0.05690469231370656,0.005622443794623112,106848.0,0.023477146790786024,15437217.0
1.0,payment+completion,Poland/Warszawa/Wawer,3,0.16392995014647588,0.030638802700974133,60691.0,0.05755430655477342,7607935.0
1.0,payment+completion,Poland/Warszawa/Wesoła,3,0.27878281559027646,0.048556779409710635,18812.0,0.058256468311754905,3314330.0
1.0,payment+completion,Poland/Warszawa/Wilanów,3,0.229500326205904,0.04460845211189227,28795.0,0.005104568481401616,3716457.0
1.0,payment+completion,Poland/Warszawa/Wola,3,0.2138717366773316,0.05866316739339686,93108.0,0.03734368994188165,14010171.0
1.0,payment+completion,Poland/Warszawa/Włochy,3,0.08025021991564399,0.02357922307560468,38387.0,0.025416779208845625,4404490.0
1.0,payment+completion,Poland/Warszawa/Śródmieście,3,0.26244697926091376,0.05065684554919392,62131.0,0.035578794225557896,11359638.0
1.0,payment+completion,Poland/Warszawa/Żoliborz,3,0.30832605639059263,0.045054743871252606,45010.0,0.06941276639106203,5188859.0
1.0,payment-only,Poland/Warszawa/Bemowo,3,0.09846517237517884,0.018379765488806057,97427.0,0.03353258223289365,9491356.0
1.0,payment-only,Poland/Warszawa/Białołęka,3,0.19700424778530815,0.04448479045875781,97599.0,0.08493937219482821,8202319.0
1.0,payment-only,Poland/Warszawa/Bielany,3,0.07780432668364826,0.021990206109059447,60389.0,0.09171722646685891,9246615.0
1.0,payment-only,Poland/Warszawa/Mokotów,3,0.29036494223003034,0.05510428363273565,142800.0,0.04311162236586708,14878690.0
1.0,payment-only,Poland/Warszawa/Ochota,3,0.23555309366498708,0.03835766510993869,51726.0,0.04084760787395488,6034560.0
1.0,payment-only,Poland/Warszawa/Praga-Południe,3,0.18626656515938173,0.051294611878530405,110183.0,0.08093239132272968,12558119.0
1.0,payment-only,Poland/Warszawa/Praga-Północ,3,0.14822087912262671,0.03645828364284415,32978.0,0.032430426792150545,4674652.0
1.0,payment-only,Poland/Warszawa/Rembertów,3,0.17428736723706856,0.02938662984664237,17688.0,0.05751752847663493,2157780.0
1.0,payment-only,Poland/Warszawa/Targówek,3,0.1289328828929493,0.026996758019998884,63035.0,0.0689093103851122,8447422.0
1.0,payment-only,Poland/Warszawa/Ursus,3,0.21014539801338641,0.04663792654112243,61202.0,0.03980847852683322,4268365.0
1.0,payment-only,Poland/Warszawa/Ursynów,3,0.07263350863600421,0.004862339010648125,95630.0,0.034359560929665175,11529118.0
1.0,payment-only,Poland/Warszawa/Wawer,3,0.16111066163771268,0.031160846658453204,52060.0,0.10752964301694728,4497435.0
1.0,payment-only,Poland/Warszawa/Wesoła,3,0.24368140669156985,0.03991859137620966,16261.0,0.07635554572903594,2246330.0
1.0,payment-only,Poland/Warszawa/Wilanów,3,0.22820946001608414,0.042732562059699206,25443.0,0.012171301065535552,2843457.0
1.0,payment-only,Poland/Warszawa/Wola,3,0.18282096333418596,0.04612129499858015,80980.0,0.047964960880496184,9131071.0
1.0,payment-only,Poland/Warszawa/Włochy,3,0.06899724157512796,0.019928531004945696,33530.0,0.03558981853459731,3448360.0
1.0,payment-only,Poland/Warszawa/Śródmieście,3,0.2238459613713686,0.04415425413249607,53565.0,0.05223129766301615,6667338.0
1.0,payment-only,Poland/Warszawa/Żoliborz,3,0.28577745917474434,0.04262157806200323,38357.0,0.08581449380113731,3366150.0
