rule,series,view,worst_csd,mean_csd,welfare,cost_welfare,exclusion,n_series,source_doi,score
llmrule-cost,Poland/Warszawa/Bemowo,train,0.228501,0.066465,159651.0,28735325626.0,0.037047,1,10.65109/LGEP3560,sqrt(approval_share)/(1+cost_share)
llmrule-cost,Poland/Warszawa/Białołęka,train,0.28302,0.074562,143503.0,36017297162.0,0.143651,1,10.65109/LGEP3560,sqrt(approval_share)/(1+cost_share)
llmrule-cost,Poland/Warszawa/Bielany,train,0.220155,0.053582,123793.0,27191411406.0,0.147072,1,10.65109/LGEP3560,sqrt(approval_share)/(1+cost_share)
llmrule-cost,Poland/Warszawa/Mokotów,train,0.353079,0.083719,220334.0,73823572002.0,0.147738,1,10.65109/LGEP3560,sqrt(approval_share)/(1+cost_share)
llmrule-cost,Poland/Warszawa/Ochota,train,0.267268,0.054955,120488.0,16344295672.0,0.070035,1,10.65109/LGEP3560,sqrt(approval_share)/(1+cost_share)
llmrule-cost,Poland/Warszawa/Praga-Południe,train,0.2785,0.067337,186565.0,73627927302.0,0.156374,1,10.65109/LGEP3560,sqrt(approval_share)/(1+cost_share)
llmrule-cost,Poland/Warszawa/Praga-Północ,train,0.362984,0.069904,49394.0,8055995910.0,0.140772,1,10.65109/LGEP3560,sqrt(approval_share)/(1+cost_share)
llmrule-cost,Poland/Warszawa/Rembertów,train,0.09122,0.020748,26386.0,1799760485.0,0.045633,1,10.65109/LGEP3560,sqrt(approval_share)/(1+cost_share)
llmrule-cost,Poland/Warszawa/Targówek,train,0.26801,0.064909,91876.0,20918896337.0,0.108148,1,10.65109/LGEP3560,sqrt(approval_share)/(1+cost_share)
llmrule-cost,Poland/Warszawa/Ursus,train,0.364916,0.078505,79196.0,9030477116.0,0.077102,1,10.65109/LGEP3560,sqrt(approval_share)/(1+cost_share)
llmrule-cost,Poland/Warszawa/Ursynów,train,0.119466,0.009637,152806.0,48387958109.0,0.110971,1,10.65109/LGEP3560,sqrt(approval_share)/(1+cost_share)
llmrule-cost,Poland/Warszawa/Wawer,train,0.264084,0.048079,99597.0,11837596960.0,0.215165,1,10.65109/LGEP3560,sqrt(approval_share)/(1+cost_share)
llmrule-cost,Poland/Warszawa/Wesoła,train,0.22641,0.056456,26111.0,1676125233.0,0.0741,1,10.65109/LGEP3560,sqrt(approval_share)/(1+cost_share)
llmrule-cost,Poland/Warszawa/Wilanów,train,0.282498,0.077876,50905.0,6061104298.0,0.064223,1,10.65109/LGEP3560,sqrt(approval_share)/(1+cost_share)
llmrule-cost,Poland/Warszawa/Wola,train,0.264133,0.082833,167684.0,38009402014.0,0.114869,1,10.65109/LGEP3560,sqrt(approval_share)/(1+cost_share)
llmrule-cost,Poland/Warszawa/Włochy,train,0.350298,0.074038,57222.0,5182903244.0,0.088985,1,10.65109/LGEP3560,sqrt(approval_share)/(1+cost_share)
llmrule-cost,Poland/Warszawa/Śródmieście,train,0.344917,0.054507,98431.0,18275803376.0,0.045966,1,10.65109/LGEP3560,sqrt(approval_share)/(1+cost_share)
llmrule-cost,Poland/Warszawa/Żoliborz,train,0.208012,0.055791,93180.0,7882435752.0,0.078654,1,10.65109/LGEP3560,sqrt(approval_share)/(1+cost_share)
llmrule-cost,__aggregate__,train,0.265415,0.060772,1947122.0,432858288004.0,0.103695,18,10.65109/LGEP3560,sqrt(approval_share)/(1+cost_share)
llmrule-cost,Poland/Warszawa/Bemowo,test,0.223041,0.04065,83803.0,18459094604.0,0.051492,1,10.65109/LGEP3560,sqrt(approval_share)/(1+cost_share)
llmrule-cost,Poland/Warszawa/Białołęka,test,0.183001,0.047686,93313.0,27768536155.0,0.089266,1,10.65109/LGEP3560,sqrt(approval_share)/(1+cost_share)
llmrule-cost,Poland/Warszawa/Bielany,test,0.159507,0.03581,42802.0,19453852260.0,0.131106,1,10.65109/LGEP3560,sqrt(approval_share)/(1+cost_share)
llmrule-cost,Poland/Warszawa/Mokotów,test,0.273873,0.059706,119597.0,53973695684.0,0.067689,1,10.65109/LGEP3560,sqrt(approval_share)/(1+cost_share)
llmrule-cost,Poland/Warszawa/Ochota,test,0.207451,0.041204,47628.0,11329998445.0,0.058375,1,10.65109/LGEP3560,sqrt(approval_share)/(1+cost_share)
llmrule-cost,Poland/Warszawa/Praga-Południe,test,0.198375,0.063781,97792.0,49217191954.0,0.10111,1,10.65109/LGEP3560,sqrt(approval_share)/(1+cost_share)
llmrule-cost,Poland/Warszawa/Praga-Północ,test,0.24213,0.061094,32819.0,5789186730.0,0.056764,1,10.65109/LGEP3560,sqrt(approval_share)/(1+cost_share)
llmrule-cost,Poland/Warszawa/Rembertów,test,0.189554,0.036885,17204.0,1287339020.0,0.058921,1,10.65109/LGEP3560,sqrt(approval_share)/(1+cost_share)
llmrule-cost,Poland/Warszawa/Targówek,test,0.23989,0.052355,50852.0,15192751980.0,0.085741,1,10.65109/LGEP3560,sqrt(approval_share)/(1+cost_share)
llmrule-cost,Poland/Warszawa/Ursus,test,0.275877,0.076024,56724.0,9478614803.0,0.05683,1,10.65109/LGEP3560,sqrt(approval_share)/(1+cost_share)
llmrule-cost,Poland/Warszawa/Ursynów,test,0.056416,-0.000403,79730.0,28042326546.0,0.048291,1,10.65109/LGEP3560,sqrt(approval_share)/(1+cost_share)
llmrule-cost,Poland/Warszawa/Wawer,test,0.167884,0.038558,49040.0,7422736693.0,0.094399,1,10.65109/LGEP3560,sqrt(approval_share)/(1+cost_share)
llmrule-cost,Poland/Warszawa/Wesoła,test,0.271023,0.038029,15283.0,1395983436.0,0.071361,1,10.65109/LGEP3560,sqrt(approval_share)/(1+cost_share)
llmrule-cost,Poland/Warszawa/Wilanów,test,0.2295,0.044608,28795.0,3198138384.0,0.005105,1,10.65109/LGEP3560,sqrt(approval_share)/(1+cost_share)
llmrule-cost,Poland/Warszawa/Wola,test,0.179013,0.059693,74035.0,28378322220.0,0.060322,1,10.65109/LGEP3560,sqrt(approval_share)/(1+cost_share)
llmrule-cost,Poland/Warszawa/Włochy,test,0.100142,0.032135,33588.0,3577040800.0,0.032872,1,10.65109/LGEP3560,sqrt(approval_share)/(1+cost_share)
llmrule-cost,Poland/Warszawa/Śródmieście,test,0.334499,0.06534,50767.0,13637304252.0,0.07732,1,10.65109/LGEP3560,sqrt(approval_share)/(1+cost_share)
llmrule-cost,Poland/Warszawa/Żoliborz,test,0.324692,0.069849,35984.0,5888610706.0,0.092628,1,10.65109/LGEP3560,sqrt(approval_share)/(1+cost_share)
llmrule-cost,__aggregate__,test,0.214215,0.047945,1009756.0,303490724672.0,0.068866,18,10.65109/LGEP3560,sqrt(approval_share)/(1+cost_share)
llmrule-card,Poland/Warszawa/Bemowo,train,0.210051,0.064672,183183.0,26006539422.0,0.031968,1,10.65109/LGEP3560,approval_share/cost_share*log1p(approval_share)
llmrule-card,Poland/Warszawa/Białołęka,train,0.290232,0.074499,203923.0,31366025814.0,0.10529,1,10.65109/LGEP3560,approval_share/cost_share*log1p(approval_share)
llmrule-card,Poland/Warszawa/Bielany,train,0.240504,0.059837,174308.0,23323400645.0,0.117533,1,10.65109/LGEP3560,approval_share/cost_share*log1p(approval_share)
llmrule-card,Poland/Warszawa/Mokotów,train,0.311572,0.073171,302248.0,64125977995.0,0.08814,1,10.65109/LGEP3560,approval_share/cost_share*log1p(approval_share)
llmrule-card,Poland/Warszawa/Ochota,train,0.230668,0.046648,150784.0,14157494234.0,0.046134,1,10.65109/LGEP3560,approval_share/cost_share*log1p(approval_share)
llmrule-card,Poland/Warszawa/Praga-Południe,train,0.255418,0.058167,271797.0,62182683024.0,0.117975,1,10.65109/LGEP3560,approval_share/cost_share*log1p(approval_share)
llmrule-card,Poland/Warszawa/Praga-Północ,train,0.318001,0.064111,64021.0,6951419329.0,0.09816,1,10.65109/LGEP3560,approval_share/cost_share*log1p(approval_share)
llmrule-card,Poland/Warszawa/Rembertów,train,0.120022,0.022966,32711.0,1600449734.0,0.03378,1,10.65109/LGEP3560,approval_share/cost_share*log1p(approval_share)
llmrule-card,Poland/Warszawa/Targówek,train,0.290779,0.0738,127585.0,17563957963.0,0.089672,1,10.65109/LGEP3560,approval_share/cost_share*log1p(approval_share)
llmrule-card,Poland/Warszawa/Ursus,train,0.343887,0.083737,101519.0,7983803857.0,0.046496,1,10.65109/LGEP3560,approval_share/cost_share*log1p(approval_share)
llmrule-card,Poland/Warszawa/Ursynów,train,0.084574,0.013983,223588.0,38862747445.0,0.060849,1,10.65109/LGEP3560,approval_share/cost_share*log1p(approval_share)
llmrule-card,Poland/Warszawa/Wawer,train,0.22711,0.043999,144587.0,9430646368.0,0.180312,1,10.65109/LGEP3560,approval_share/cost_share*log1p(approval_share)
llmrule-card,Poland/Warszawa/Wesoła,train,0.232823,0.052914,29575.0,1545580953.0,0.065259,1,10.65109/LGEP3560,approval_share/cost_share*log1p(approval_share)
llmrule-card,Poland/Warszawa/Wilanów,train,0.318569,0.08111,61558.0,5415255536.0,0.042015,1,10.65109/LGEP3560,approval_share/cost_share*log1p(approval_share)
llmrule-card,Poland/Warszawa/Wola,train,0.312687,0.096803,221798.0,32346899994.0,0.096027,1,10.65109/LGEP3560,approval_share/cost_share*log1p(approval_share)
llmrule-card,Poland/Warszawa/Włochy,train,0.311952,0.053358,68415.0,4464667087.0,0.086814,1,10.65109/LGEP3560,approval_share/cost_share*log1p(approval_share)
llmrule-card,Poland/Warszawa/Śródmieście,train,0.31752,0.05231,108940.0,17146095656.0,0.074074,1,10.65109/LGEP3560,approval_share/cost_share*log1p(approval_share)
llmrule-card,Poland/Warszawa/Żoliborz,train,0.224646,0.053999,98950.0,7218839012.0,0.075907,1,10.65109/LGEP3560,approval_share/cost_share*log1p(approval_share)
llmrule-card,__aggregate__,train,0.257834,0.059449,2569490.0,371692484068.0,0.080911,18,10.65109/LGEP3560,approval_share/cost_share*log1p(approval_share)
llmrule-card,Poland/Warszawa/Bemowo,test,0.170496,0.038452,108572.0,16160176842.0,0.035046,1,10.65109/LGEP3560,approval_share/cost_share*log1p(approval_share)
llmrule-card,Poland/Warszawa/Białołęka,test,0.186371,0.046473,116326.0,23740518631.0,0.066609,1,10.65109/LGEP3560,approval_share/cost_share*log1p(approval_share)
llmrule-card,Poland/Warszawa/Bielany,test,0.126383,0.032969,67508.0,15874347570.0,0.080464,1,10.65109/LGEP3560,approval_share/cost_share*log1p(approval_share)
llmrule-card,Poland/Warszawa/Mokotów,test,0.279396,0.054494,161050.0,44820042215.0,0.037156,1,10.65109/LGEP3560,approval_share/cost_share*log1p(approval_share)
llmrule-card,Poland/Warszawa/Ochota,test,0.246185,0.045032,59140.0,9870504810.0,0.042856,1,10.65109/LGEP3560,approval_share/cost_share*log1p(approval_share)
llmrule-card,Poland/Warszawa/Praga-Południe,test,0.2189,0.06532,126169.0,43245651654.0,0.079886,1,10.65109/LGEP3560,approval_share/cost_share*log1p(approval_share)
llmrule-card,Poland/Warszawa/Praga-Północ,test,0.193534,0.054424,37086.0,5180451320.0,0.040492,1,10.65109/LGEP3560,approval_share/cost_share*log1p(approval_share)
llmrule-card,Poland/Warszawa/Rembertów,test,0.152696,0.028383,20915.0,1151521670.0,0.044647,1,10.65109/LGEP3560,approval_share/cost_share*log1p(approval_share)
llmrule-card,Poland/Warszawa/Targówek,test,0.250393,0.047775,72608.0,12253061566.0,0.056196,1,10.65109/LGEP3560,approval_share/cost_share*log1p(approval_share)
llmrule-card,Poland/Warszawa/Ursus,test,0.260972,0.068552,70277.0,8394704494.0,0.025052,1,10.65109/LGEP3560,approval_share/cost_share*log1p(approval_share)
llmrule-card,Poland/Warszawa/Ursynów,test,0.061129,0.006449,105177.0,25595635902.0,0.027094,1,10.65109/LGEP3560,approval_share/cost_share*log1p(approval_share)
llmrule-card,Poland/Warszawa/Wawer,test,0.17379,0.037667,61827.0,6298110627.0,0.057915,1,10.65109/LGEP3560,approval_share/cost_share*log1p(approval_share)
llmrule-card,Poland/Warszawa/Wesoła,test,0.204802,0.040803,18939.0,1172557677.0,0.055282,1,10.65109/LGEP3560,approval_share/cost_share*log1p(approval_share)
llmrule-card,Poland/Warszawa/Wilanów,test,0.2295,0.044608,28795.0,3198138384.0,0.005105,1,10.65109/LGEP3560,approval_share/cost_share*log1p(approval_share)
llmrule-card,Poland/Warszawa/Wola,test,0.182399,0.055434,90551.0,26040191635.0,0.045956,1,10.65109/LGEP3560,approval_share/cost_share*log1p(approval_share)
llmrule-card,Poland/Warszawa/Włochy,test,0.100607,0.027004,38838.0,3324227300.0,0.022566,1,10.65109/LGEP3560,approval_share/cost_share*log1p(approval_share)
llmrule-card,Poland/Warszawa/Śródmieście,test,0.273112,0.051243,62559.0,12134470522.0,0.036013,1,10.65109/LGEP3560,approval_share/cost_share*log1p(approval_share)
llmrule-card,Poland/Warszawa/Żoliborz,test,0.302442,0.066108,45060.0,5256637831.0,0.079843,1,10.65109/LGEP3560,approval_share/cost_share*log1p(approval_share)
llmrule-card,__aggregate__,test,0.200728,0.045066,1291397.0,263710950650.0,0.046565,18,10.65109/LGEP3560,approval_share/cost_share*log1p(approval_share)
