floor,kernel,worst_csd,mean_csd,welfare,exclusion,spent,budget_utilization,welfare_ratio_vs_direct,diff_vs_direct,ci_lo,ci_hi,p_two_sided,wins_vs_direct,n,exclusion_diff_vs_direct,exclusion_ci_lo,exclusion_ci_hi,exclusion_p_two_sided,exclusion_wins_vs_direct
0.0,direct,0.12284201495051265,0.0024390046663263563,586114.0,0.1470062083207223,182489181.0,0.997099328924935,1.0,0.0,0.0,0.0,1.0,0,18,0.0,0.0,0.0,1.0,0
0.0,static-floor,0.11645627739212576,0.010666653570433223,719168.0,0.093514885304777,181880677.0,0.9937745349468847,1.2270104450670005,-0.006385737558386892,-0.03035136099009801,0.017787173995645524,0.6122894287109375,9,18,-0.05349132301594531,-0.07732043316427882,-0.03191044270200268,4.57763671875e-05,16
0.0,payment+completion,0.1282197018070305,0.02128781074959427,1168671.0,0.04271770601627977,180650923.0,0.987055304352372,1.9939312147466193,0.00537768685651784,-0.02269681625606068,0.03409134091009465,0.7207870483398438,9,18,-0.10428850230444256,-0.1313266259443973,-0.07734990642939375,1.52587890625e-05,17
0.0,payment-only,0.11402625759138887,0.014675463069687374,1021566.0,0.05302672416921917,152976410.0,0.8358450343001195,1.742947617698946,-0.008815757359123783,-0.03652738946347208,0.018219390500565723,0.5453414916992188,11,18,-0.09397948415150313,-0.11934902912169573,-0.06800426576810324,2.288818359375e-05,17
0.85,direct,0.11525794725360286,0.010097473016641425,1198311.0,0.044989635662301776,179819440.0,0.9825121794571351,1.0,0.0,0.0,0.0,1.0,0,18,0.0,0.0,0.0,1.0,0
0.85,static-floor,0.13395761107068216,0.01935479947232579,1218887.0,0.04338334628658546,179655832.0,0.9816182446709039,1.0171708346163892,0.018699663817079312,0.003929596499955022,0.036219191604341366,0.02972412109375,4,18,-0.001606289375716318,-0.0032096076597615017,-0.00014340586256445426,0.064697265625,9
0.85,payment+completion,0.18355506239208846,0.03538932523785418,1273668.0,0.04303838989463842,180123237.0,0.984172090379906,1.0628860120619772,0.06829711513848563,0.04058192319392198,0.09712910309356602,0.00020599365234375,2,18,-0.0019512457676633546,-0.005034808828854539,0.0010681618013033442,0.240386962890625,12
0.85,payment-only,0.16048544204708992,0.027550904849958948,1132666.0,0.05342146627346392,132234278.0,0.7225124751624223,0.9452187286939701,0.045227494793487054,0.017541110451134236,0.0743515005044121,0.0068359375,5,18,0.008431830611162145,0.005008581763071386,0.012012820633105669,0.00029754638671875,3
1.0,direct,0.17280131051580602,0.031998238333563134,1303057.0,0.04472175782546373,178800252.0,0.9769434566140623,1.0,0.0,0.0,0.0,1.0,0,18,0.0,0.0,0.0,1.0,0
1.0,static-floor,0.17987228004995118,0.0339500283462427,1302820.0,0.04485632922360676,178561602.0,0.9756395012039718,0.9998181200054947,0.007070969534145167,0.00013470514313479868,0.01742560118525445,0.109375,3,18,0.00013457139814302684,-0.0002527879910575172,0.0005689850358406147,0.578125,3
1.0,payment+completion,0.19788295265808992,0.041227594458618004,1289024.0,0.04305305070178723,180111126.0,0.9841059173064863,0.9892307090173339,0.02508164214228389,0.006110634694265958,0.04565947661329655,0.0218505859375,4,18,-0.0016687071236765045,-0.006362839452739079,0.0026550204035142816,0.5133209228515625,10
1.0,payment-only,0.17856230764452016,0.03558838433508174,1130853.0,0.05698684268101634,123689137.0,0.6758228341109402,0.8678461494777281,0.005760997128714162,-0.009964922472066042,0.02367879021839295,0.5448074340820312,7,18,0.01226508485555261,0.008554367101605988,0.0165218860162078,2.288818359375e-05,1
