series,test_years,greedy-count,greedy-cost,mes,res-1.0,learned,worst_cohort,learned_minus_mes,learned_wins
Poland/Warszawa/Wesoła,2023|2024|2025,0.269617,0.221867,0.27271,0.247668,0.135928,age60+|M,-0.136782,1
Poland/Warszawa/Praga-Północ,2023|2024|2025,0.27947,0.216054,0.195259,0.169327,0.111921,age60+|M,-0.083338,1
Poland/Warszawa/Praga-Południe,2023|2024|2025,0.21597,0.209976,0.233275,0.211596,0.180837,age60+|M,-0.052438,1
Poland/Warszawa/Włochy,2023|2024|2025,0.109486,0.105281,0.117846,0.091746,0.069647,age25-39|M,-0.048199,1
Poland/Warszawa/Wola,2023|2024|2025,0.148707,0.193957,0.193254,0.196075,0.150098,age60+|M,-0.043156,1
Poland/Warszawa/Rembertów,2023|2024|2025,0.213064,0.142321,0.166463,0.166463,0.126376,age60+|M,-0.040087,1
Poland/Warszawa/Bemowo,2023|2024|2025,0.219377,0.15149,0.158284,0.162746,0.118541,age60+|M,-0.039743,1
Poland/Warszawa/Bielany,2023|2024|2025,0.169412,0.082827,0.105579,0.100615,0.069286,age40-59|M,-0.036293,1
Poland/Warszawa/Ursus,2023|2024|2025,0.302373,0.211925,0.23379,0.23379,0.201014,age60+|F,-0.032776,1
Poland/Warszawa/Mokotów,2023|2024|2025,0.281817,0.28254,0.291701,0.288387,0.269054,age60+|M,-0.022647,1
Poland/Warszawa/Ursynów,2023|2024|2025,0.036132,0.093867,0.080211,0.072641,0.068361,age40-59|M,-0.01185,1
Poland/Warszawa/Wawer,2023|2024|2025,0.152619,0.180724,0.157979,0.157979,0.151743,age60+|M,-0.006236,1
Poland/Warszawa/Śródmieście,2023|2024|2025,0.334499,0.256851,0.262447,0.262447,0.257836,age60+|M,-0.004611,1
Poland/Warszawa/Targówek,2023|2024|2025,0.237954,0.195521,0.169702,0.201415,0.167572,age60+|M,-0.00213,1
Poland/Warszawa/Ochota,2023|2024|2025,0.208737,0.236189,0.209119,0.212697,0.213095,age60+|M,0.003976,0
Poland/Warszawa/Żoliborz,2023|2024|2025,0.322159,0.321869,0.308326,0.313458,0.315302,age<25|M,0.006976,0
Poland/Warszawa/Wilanów,2023|2024|2025,0.232342,0.255167,0.255167,0.246957,0.265559,age60+|M,0.010392,0
Poland/Warszawa/Białołęka,2023|2024|2025,0.178181,0.22483,0.173738,0.17643,0.238252,age60+|M,0.064514,0
