series,learned_minus_mes,loses,worst_cohort,is_senior_worst,mes_csd,cohort_divergence,ballot_len_dispersion,mean_voters,n_test_years
Wesoła,-0.136782,0,age60+|M,1,0.27271,0.03641,0.08728,1283.66667,3
Praga-Północ,-0.083338,0,age60+|M,1,0.195259,0.02201,0.07288,2066.66667,3
Praga-Południe,-0.052438,0,age60+|M,1,0.233275,0.01098,0.07835,7581.33333,3
Włochy,-0.048199,0,age25-39|M,0,0.117846,0.01152,0.04887,1912.33333,3
Wola,-0.043156,0,age60+|M,1,0.193254,0.00905,0.07943,4983,3
Rembertów,-0.040087,0,age60+|M,1,0.166463,0.01818,0.08016,1306,3
Bemowo,-0.039743,0,age60+|M,1,0.158284,0.04482,0.07159,5081.66667,3
Bielany,-0.036293,0,age40-59|M,0,0.105579,0.01705,0.06045,5024,3
Ursus,-0.032776,0,age60+|F,1,0.23379,0.01974,0.0753,3901.66667,3
Mokotów,-0.022647,0,age60+|M,1,0.291701,0.0113,0.08651,7989.66667,3
Ursynów,-0.01185,0,age40-59|M,0,0.080211,0.01708,0.03587,5554.33333,3
Wawer,-0.006236,0,age60+|M,1,0.157979,0.02175,0.08589,4048,3
Śródmieście,-0.004611,0,age60+|M,1,0.262447,0.01346,0.10096,3333,3
Targówek,-0.00213,0,age60+|M,1,0.169702,0.01717,0.06792,4413.66667,3
Ochota,0.003976,1,age60+|M,1,0.209119,0.01036,0.07084,3453,3
Żoliborz,0.006976,1,age<25|M,0,0.308326,0.02365,0.11,2713.66667,3
Wilanów,0.010392,1,age60+|M,1,0.255167,0.01228,0.11556,1532.66667,3
Białołęka,0.064514,1,age60+|M,1,0.173738,0.01693,0.08206,7617.33333,3
