scheme,n_groups,policy,worst_csd,vs_mes_diff,vs_mes_p,vs_mes_wins,n
age_sex,8,mes,0.199158,,,,
age_sex,8,res-1.0,0.195135,,,,
age_sex,8,greedy-cost,0.19907,,,,
age_sex,8,learned-endowment,0.173634,-0.025524,0.01151,11,18
age_sex,8,learned-outcome,0.172801,-0.026357,0.01304,14,18
age,4,mes,0.112689,,,,
age,4,res-1.0,0.112689,,,,
age,4,greedy-cost,0.108112,,,,
age,4,learned-endowment,0.090682,-0.022007,0.00795,14,18
age,4,learned-outcome,0.081533,-0.031156,0.00928,13,18
sex,2,mes,0.058516,,,,
sex,2,res-1.0,0.058516,,,,
sex,2,greedy-cost,0.075869,,,,
sex,2,learned-endowment,0.035175,-0.023341,0.00052,14,18
sex,2,learned-outcome,0.022384,-0.036132,2e-05,17,18
