fold,split,series,policy,n_years,worst_csd,mean_csd,welfare,cost_welfare,exclusion
0,district_out_f0of5,Poland/Warszawa/Bemowo,learned,7,0.17671429703616667,0.04669773752637978,290604.0,41668907409.0,0.02995640613338412
0,district_out_f0of5,Poland/Warszawa/Bemowo,mes,7,0.19979833395967594,0.053930595218855605,294123.0,40856721779.0,0.03415438992617776
0,district_out_f0of5,Poland/Warszawa/Bemowo,res-1.0,7,0.19876495793479684,0.05207224858130492,293269.0,40482487579.0,0.03144890665560338
0,district_out_f0of5,Poland/Warszawa/Bemowo,greedy-count,7,0.24488356039818657,0.057324854102665544,231070.0,47397994025.0,0.04619505275430134
0,district_out_f0of5,Poland/Warszawa/Bemowo,greedy-cost,7,0.17958500311328593,0.04905872490180534,296349.0,37771854590.0,0.0328652914337858
0,district_out_f0of5,Poland/Warszawa/Bemowo,llmrule-card,7,0.19418337955477472,0.053108081351873726,291755.0,42166716264.0,0.033286915334877036
0,district_out_f0of5,Poland/Warszawa/Bemowo,llmrule-cost,7,0.226311576307623,0.055618664083226625,243454.0,47194420230.0,0.04323770210167633
0,district_out_f0of5,Poland/Warszawa/Praga-Południe,learned,7,0.21868103331991512,0.05214471202953969,390416.0,103379329520.0,0.09460578520165638
0,district_out_f0of5,Poland/Warszawa/Praga-Południe,mes,7,0.24868928532731183,0.06083462357125233,402325.0,100014196220.0,0.09184150309550218
0,district_out_f0of5,Poland/Warszawa/Praga-Południe,res-1.0,7,0.24080127498847814,0.058887245844472094,401475.0,100410805454.0,0.09214831935768798
0,district_out_f0of5,Poland/Warszawa/Praga-Południe,greedy-count,7,0.2382485376988129,0.06601957241848588,267583.0,123855165456.0,0.14091467796509785
0,district_out_f0of5,Poland/Warszawa/Praga-Południe,greedy-cost,7,0.2282245390696075,0.054501100896788786,414696.0,78389010276.0,0.08723088117749926
0,district_out_f0of5,Poland/Warszawa/Praga-Południe,llmrule-card,7,0.24087169799790892,0.06096630677703744,397966.0,105428334678.0,0.10165141481989955
0,district_out_f0of5,Poland/Warszawa/Praga-Południe,llmrule-cost,7,0.24410191502065673,0.06533293371433548,284357.0,122845119256.0,0.13268953845755965
0,district_out_f0of5,Poland/Warszawa/Ursynów,learned,7,0.05356595453084424,0.0028572343430713354,324000.0,60365157639.0,0.037449914864433886
0,district_out_f0of5,Poland/Warszawa/Ursynów,mes,7,0.04643785557324408,0.010923121255095317,328154.0,60404484581.0,0.03679217440011445
0,district_out_f0of5,Poland/Warszawa/Ursynów,res-1.0,7,0.04634876988426012,0.010624254081794998,328035.0,60663052001.0,0.036759248729479596
0,district_out_f0of5,Poland/Warszawa/Ursynów,greedy-count,7,0.08611223605881041,0.005136401545629879,205569.0,77802012557.0,0.09819275615297864
0,district_out_f0of5,Poland/Warszawa/Ursynów,greedy-cost,7,0.09405168105985919,0.009532719579062208,339550.0,52224899011.0,0.03847151801792352
0,district_out_f0of5,Poland/Warszawa/Ursynów,llmrule-card,7,0.050282608090909474,0.011286962115636033,328765.0,64458383347.0,0.046382519296167164
0,district_out_f0of5,Poland/Warszawa/Ursynów,llmrule-cost,7,0.056962065445321626,0.006073839643290543,232536.0,76430284655.0,0.0841082745176065
0,district_out_f0of5,Poland/Warszawa/Włochy,learned,7,0.21714538243899598,0.041968416819979606,104678.0,7836062124.0,0.0422427854308328
0,district_out_f0of5,Poland/Warszawa/Włochy,mes,7,0.2546342766797986,0.04907414472454852,105687.0,7788939517.0,0.04774592969572085
0,district_out_f0of5,Poland/Warszawa/Włochy,res-1.0,7,0.24655471982249702,0.049211089075163285,105254.0,7744705227.0,0.04519543124085601
0,district_out_f0of5,Poland/Warszawa/Włochy,greedy-count,7,0.2888030772658544,0.0643024487757291,87925.0,8815134894.0,0.06688543727978723
0,district_out_f0of5,Poland/Warszawa/Włochy,greedy-cost,7,0.24153004796320304,0.03944329017945324,108685.0,6793817933.0,0.05913404936854876
0,district_out_f0of5,Poland/Warszawa/Włochy,llmrule-card,7,0.2364756469844717,0.045358030509617356,107253.0,7788894387.0,0.059278976853753926
0,district_out_f0of5,Poland/Warszawa/Włochy,llmrule-cost,7,0.26515456616011446,0.05881797074915872,90810.0,8759944044.0,0.06493654805671864
1,district_out_f1of5,Poland/Warszawa/Białołęka,learned,7,0.17661914491645625,0.040768136569235155,310761.0,55998589725.0,0.08217875625970596
1,district_out_f1of5,Poland/Warszawa/Białołęka,mes,7,0.23312380502405972,0.05513685916813866,315332.0,55700447775.0,0.08836707920803374
1,district_out_f1of5,Poland/Warszawa/Białołęka,res-1.0,7,0.23244640139366698,0.05578694409456808,313895.0,55891016075.0,0.0896094756111376
1,district_out_f1of5,Poland/Warszawa/Białołęka,greedy-count,7,0.2471789307311198,0.05631364613990348,209268.0,65167189467.0,0.12198661005266805
1,district_out_f1of5,Poland/Warszawa/Białołęka,greedy-cost,7,0.260477808906973,0.06040528647718974,329046.0,44570613919.0,0.08755840358849133
1,district_out_f1of5,Poland/Warszawa/Białołęka,llmrule-card,7,0.24948532575406687,0.0626019002470942,320249.0,55106544445.0,0.08871212569519882
1,district_out_f1of5,Poland/Warszawa/Białołęka,llmrule-cost,7,0.24363303058654548,0.06285386084263801,236816.0,63785833317.0,0.12034295197083636
1,district_out_f1of5,Poland/Warszawa/Praga-Północ,learned,7,0.19581555925715646,0.038823032020150305,101314.0,10828311691.0,0.06044050076267361
1,district_out_f1of5,Poland/Warszawa/Praga-Północ,mes,7,0.25204460093965986,0.05270038578972054,103063.0,10828032160.0,0.058754249051658505
1,district_out_f1of5,Poland/Warszawa/Praga-Północ,res-1.0,7,0.24181723270846586,0.049222187073038375,102579.0,10923787275.0,0.06062010404952165
1,district_out_f1of5,Poland/Warszawa/Praga-Północ,greedy-count,7,0.3437671085473383,0.07624175379090774,69649.0,14169155773.0,0.13121947849977053
1,district_out_f1of5,Poland/Warszawa/Praga-Północ,greedy-cost,7,0.2681471612414098,0.05340941103770764,105605.0,9363962460.0,0.06176801047104906
1,district_out_f1of5,Poland/Warszawa/Praga-Północ,llmrule-card,7,0.2735175013145184,0.060626480107643044,101107.0,12131870649.0,0.07344515704373097
1,district_out_f1of5,Poland/Warszawa/Praga-Północ,llmrule-cost,7,0.31009007659924054,0.06666424264173758,82213.0,13845182640.0,0.1047683511549552
1,district_out_f1of5,Poland/Warszawa/Wawer,learned,10,0.17870476296483345,0.032056876215476225,194124.0,16672268885.0,0.13522347299760354
1,district_out_f1of5,Poland/Warszawa/Wawer,mes,10,0.22305181425241566,0.04248325755619769,199896.0,16319965319.0,0.13085172919178303
1,district_out_f1of5,Poland/Warszawa/Wawer,res-1.0,10,0.22271071412333487,0.042545827060953716,200085.0,16338865319.0,0.13080882914888298
1,district_out_f1of5,Poland/Warszawa/Wawer,greedy-count,10,0.2456818449228447,0.04596178202197817,135337.0,19905919463.0,0.19642641263762947
1,district_out_f1of5,Poland/Warszawa/Wawer,greedy-cost,10,0.1721420932516303,0.037809842028160984,213597.0,12091935865.0,0.14900180036146898
1,district_out_f1of5,Poland/Warszawa/Wawer,llmrule-card,10,0.2082052410899263,0.04171852080764765,206414.0,15728756995.0,0.1435928273259289
1,district_out_f1of5,Poland/Warszawa/Wawer,llmrule-cost,10,0.22993912361625748,0.04434963484039202,148637.0,19260333653.0,0.17893501735130932
1,district_out_f1of5,Poland/Warszawa/Śródmieście,learned,7,0.2744373501297006,0.04615240314655138,169342.0,29255638148.0,0.03169130490721358
1,district_out_f1of5,Poland/Warszawa/Śródmieście,mes,7,0.30382481433187436,0.053154131430549305,170044.0,29344071948.0,0.05880093859963868
1,district_out_f1of5,Poland/Warszawa/Śródmieście,res-1.0,7,0.30382481433187436,0.053154131430549305,170044.0,29344071948.0,0.05880093859963868
1,district_out_f1of5,Poland/Warszawa/Śródmieście,greedy-count,7,0.3444119141700729,0.061949430739727515,144448.0,32147215468.0,0.06534931565372823
1,district_out_f1of5,Poland/Warszawa/Śródmieście,greedy-cost,7,0.2946875143896675,0.053129506918279855,172499.0,26952450513.0,0.06509961447069193
1,district_out_f1of5,Poland/Warszawa/Śródmieście,llmrule-card,7,0.3004116332925716,0.05239064321296348,171499.0,29280566178.0,0.057762180167474524
1,district_out_f1of5,Poland/Warszawa/Śródmieście,llmrule-cost,7,0.3409008842381535,0.06013455686625525,149198.0,31913107628.0,0.05940373338611081
2,district_out_f2of5,Poland/Warszawa/Bielany,learned,7,0.1532346672837565,0.03348802047541524,238315.0,37250091289.0,0.063256443123733
2,district_out_f2of5,Poland/Warszawa/Bielany,mes,7,0.16625844856012897,0.03863718179689226,246966.0,36654588431.0,0.06845808623010083
2,district_out_f2of5,Poland/Warszawa/Bielany,res-1.0,7,0.1607408718493609,0.037474088702804755,244380.0,36594402135.0,0.06853321125216769
2,district_out_f2of5,Poland/Warszawa/Bielany,greedy-count,7,0.1951673249860988,0.047311972996778764,146475.0,47800060639.0,0.15509649109854903
2,district_out_f2of5,Poland/Warszawa/Bielany,greedy-cost,7,0.17981861821846742,0.04377755750682788,258988.0,27354596645.0,0.08325600965080505
2,district_out_f2of5,Poland/Warszawa/Bielany,llmrule-card,7,0.19942054290047811,0.04999032530485205,241816.0,39197748215.0,0.10164639432472111
2,district_out_f2of5,Poland/Warszawa/Bielany,llmrule-cost,7,0.19832785551219104,0.04740880311706099,166595.0,46645263666.0,0.14022949577857716
2,district_out_f2of5,Poland/Warszawa/Rembertów,learned,7,0.1102766378408212,0.02066861782519104,52804.0,2692610487.0,0.03334972627721872
2,district_out_f2of5,Poland/Warszawa/Rembertów,mes,7,0.11628079926089074,0.022013259409072984,53027.0,2759724725.0,0.036360553360632104
2,district_out_f2of5,Poland/Warszawa/Rembertów,res-1.0,7,0.12108580756081619,0.022250402630526793,53044.0,2736658197.0,0.03428839343864283
2,district_out_f2of5,Poland/Warszawa/Rembertów,greedy-count,7,0.17023257347931614,0.030144354271020735,37012.0,3276508091.0,0.09119954834601633
2,district_out_f2of5,Poland/Warszawa/Rembertów,greedy-cost,7,0.10081290570230424,0.021417863560146758,54810.0,2310571804.0,0.0671223714460512
2,district_out_f2of5,Poland/Warszawa/Rembertów,llmrule-card,7,0.13710958187010797,0.02513649273094576,53626.0,2751971404.0,0.038437389899916255
2,district_out_f2of5,Poland/Warszawa/Rembertów,llmrule-cost,7,0.1380604030340834,0.027872882713606564,43590.0,3087099505.0,0.051327722516121596
2,district_out_f2of5,Poland/Warszawa/Wesoła,learned,7,0.22296447418517001,0.03634498037157352,46420.0,2771071334.0,0.05950732726676162
2,district_out_f2of5,Poland/Warszawa/Wesoła,mes,7,0.25049148064240234,0.05126484115972407,48451.0,2734933338.0,0.062369411148065365
2,district_out_f2of5,Poland/Warszawa/Wesoła,res-1.0,7,0.23922634246523589,0.0499105819341937,48418.0,2746752338.0,0.06259689067490795
2,district_out_f2of5,Poland/Warszawa/Wesoła,greedy-count,7,0.23960956555061244,0.04478114353393441,37858.0,3115242425.0,0.08207713508507096
2,district_out_f2of5,Poland/Warszawa/Wesoła,greedy-cost,7,0.21520452850565155,0.053057525945738315,49077.0,2228601544.0,0.06232759525065145
2,district_out_f2of5,Poland/Warszawa/Wesoła,llmrule-card,7,0.22036032916135337,0.046834526551493096,48514.0,2718138630.0,0.06098323531411642
2,district_out_f2of5,Poland/Warszawa/Wesoła,llmrule-cost,7,0.24644440337999207,0.04737814363500317,41394.0,3072108669.0,0.07292610902079674
2,district_out_f2of5,Poland/Warszawa/Żoliborz,learned,7,0.1698476850688488,0.0415388290080337,140686.0,12486697513.0,0.05475358947048048
2,district_out_f2of5,Poland/Warszawa/Żoliborz,mes,7,0.22358400188706834,0.05236436248704371,142885.0,12387666973.0,0.07000166529250891
2,district_out_f2of5,Poland/Warszawa/Żoliborz,res-1.0,7,0.22568364408458447,0.05315060597617284,142500.0,12486150573.0,0.07000166529250891
2,district_out_f2of5,Poland/Warszawa/Żoliborz,greedy-count,7,0.22177084482474338,0.05649943042570228,125971.0,13893470458.0,0.07503565593693577
2,district_out_f2of5,Poland/Warszawa/Żoliborz,greedy-cost,7,0.2583636420161898,0.05260767460640281,145172.0,10836275517.0,0.07576892692041572
2,district_out_f2of5,Poland/Warszawa/Żoliborz,llmrule-card,7,0.25598049271231094,0.05869440113494234,144010.0,12475476843.0,0.07759406108156641
2,district_out_f2of5,Poland/Warszawa/Żoliborz,llmrule-cost,7,0.22818339427487547,0.06093404491710862,129164.0,13771046458.0,0.08464274790831665
3,district_out_f3of5,Poland/Warszawa/Mokotów,learned,7,0.28914371844492787,0.06325153623292236,452370.0,111803369503.0,0.059531549487219025
3,district_out_f3of5,Poland/Warszawa/Mokotów,mes,7,0.30150905765523545,0.06489865984534716,458942.0,110121210010.0,0.05984984720778338
3,district_out_f3of5,Poland/Warszawa/Mokotów,res-1.0,7,0.29998530507647264,0.06484219883440802,455630.0,111316339110.0,0.06039164730850062
3,district_out_f3of5,Poland/Warszawa/Mokotów,greedy-count,7,0.3257128647251669,0.07407345092105902,321964.0,128641274245.0,0.12544229737467538
3,district_out_f3of5,Poland/Warszawa/Mokotów,greedy-cost,7,0.2826494183012756,0.06185472901984618,470523.0,90939350203.0,0.05646351678416524
3,district_out_f3of5,Poland/Warszawa/Mokotów,llmrule-card,7,0.2993187618324326,0.06596200658277407,463298.0,108946020210.0,0.06628972124928394
3,district_out_f3of5,Poland/Warszawa/Mokotów,llmrule-cost,7,0.3227558494566835,0.07368845485452849,339931.0,127797267686.0,0.11343109789286007
3,district_out_f3of5,Poland/Warszawa/Targówek,learned,7,0.22408097591733284,0.050108015018427925,194641.0,30778914018.0,0.07326443524451547
3,district_out_f3of5,Poland/Warszawa/Targówek,mes,7,0.2226052917739802,0.053560492186441266,197477.0,30124947532.0,0.07201783434572719
3,district_out_f3of5,Poland/Warszawa/Targówek,res-1.0,7,0.22956861232384113,0.054867868012511756,197089.0,29953361382.0,0.07104098159275556
3,district_out_f3of5,Poland/Warszawa/Targówek,greedy-count,7,0.26046727592037666,0.060795308520615605,121556.0,37411806932.0,0.11914771989386727
3,district_out_f3of5,Poland/Warszawa/Targówek,greedy-cost,7,0.24915233218586125,0.06228466427165602,206830.0,23772785874.0,0.08489913309654194
3,district_out_f3of5,Poland/Warszawa/Targówek,llmrule-card,7,0.2758670719989419,0.0637777724354693,200193.0,29817019529.0,0.07532496864489908
3,district_out_f3of5,Poland/Warszawa/Targówek,llmrule-cost,7,0.25760045312436153,0.06023159804559627,142728.0,36111648317.0,0.09854525264185057
3,district_out_f3of5,Poland/Warszawa/Wilanów,learned,7,0.24758048810501931,0.05659994910870518,88526.0,8669718075.0,0.02483290009518682
3,district_out_f3of5,Poland/Warszawa/Wilanów,mes,7,0.2970150399993208,0.06651858236337031,90878.0,8378014655.0,0.02262543972418169
3,district_out_f3of5,Poland/Warszawa/Wilanów,res-1.0,7,0.2935960318513005,0.0658063836096725,90572.0,8455648283.0,0.021908079609404073
3,district_out_f3of5,Poland/Warszawa/Wilanów,greedy-count,7,0.249108629518763,0.05828557269986095,74629.0,9347280460.0,0.03946928806000538
3,district_out_f3of5,Poland/Warszawa/Wilanów,greedy-cost,7,0.288605669801688,0.06838302889566862,91573.0,7904963765.0,0.02299063156592824
3,district_out_f3of5,Poland/Warszawa/Wilanów,llmrule-card,7,0.28020435362792234,0.06438646103779314,90353.0,8613393920.0,0.02619619466260689
3,district_out_f3of5,Poland/Warszawa/Wilanów,llmrule-cost,7,0.25978450062718195,0.06247959384408276,79700.0,9259242682.0,0.038886498549473125
3,district_out_f3of5,Poland/Łódź/CITYWIDE,learned,3,0.12563000702565502,0.014266708841294079,445510.0,192867428190.0,0.17756058858281387
3,district_out_f3of5,Poland/Łódź/CITYWIDE,mes,3,0.17017450855765656,0.015015801862598665,449934.0,194065452050.0,0.1793546625482658
3,district_out_f3of5,Poland/Łódź/CITYWIDE,res-1.0,3,0.17017450855765656,0.015015801862598665,449934.0,194065452050.0,0.1793546625482658
3,district_out_f3of5,Poland/Łódź/CITYWIDE,greedy-count,3,0.13244223900922625,0.01316895067427887,320936.0,217317436010.0,0.29673416968232774
3,district_out_f3of5,Poland/Łódź/CITYWIDE,greedy-cost,3,0.07001675544797292,0.005893727007718719,464787.0,156112879563.0,0.157943369622371
3,district_out_f3of5,Poland/Łódź/CITYWIDE,llmrule-card,3,0.12600546848079897,0.012251515619240101,436009.0,201355636420.0,0.19649757281809324
3,district_out_f3of5,Poland/Łódź/CITYWIDE,llmrule-cost,3,0.1369196041975133,0.011959332720280184,343240.0,216293332860.0,0.2884022053116537
4,district_out_f4of5,Poland/Warszawa/Ochota,learned,7,0.21919745520784328,0.04179790269859057,202740.0,24721525052.0,0.04349261986112742
4,district_out_f4of5,Poland/Warszawa/Ochota,mes,7,0.22409984026694882,0.043182196599415475,204122.0,23965067158.0,0.04079900294696511
4,district_out_f4of5,Poland/Warszawa/Ochota,res-1.0,7,0.225370558092732,0.04289010378208875,204612.0,24235794558.0,0.0408923736285711
4,district_out_f4of5,Poland/Warszawa/Ochota,greedy-count,7,0.266558122999507,0.0550826933984634,150583.0,28054183321.0,0.0709766663953697
4,district_out_f4of5,Poland/Warszawa/Ochota,greedy-cost,7,0.19939511152471595,0.03611955926824743,209797.0,21330882160.0,0.04385147252508219
4,district_out_f4of5,Poland/Warszawa/Ochota,llmrule-card,7,0.23626940656665035,0.04656414487291549,209924.0,24027999044.0,0.04472908779772591
4,district_out_f4of5,Poland/Warszawa/Ochota,llmrule-cost,7,0.24553001990556847,0.05019946423000752,168116.0,27674294117.0,0.06503777399748376
4,district_out_f4of5,Poland/Warszawa/Ursus,learned,7,0.19857087045038652,0.05221538983107105,170207.0,15859916201.0,0.03347456930289843
4,district_out_f4of5,Poland/Warszawa/Ursus,mes,7,0.26810358988195443,0.06733440831413347,172187.0,15667741501.0,0.038746733152925525
4,district_out_f4of5,Poland/Warszawa/Ursus,res-1.0,7,0.26939302884739824,0.06705939760820645,172064.0,15701669281.0,0.03877834570943297
4,district_out_f4of5,Poland/Warszawa/Ursus,greedy-count,7,0.3339705522564422,0.0779898124087064,129836.0,18865520409.0,0.0684947250739651
4,district_out_f4of5,Poland/Warszawa/Ursus,greedy-cost,7,0.2610014192920142,0.06619343713474508,176903.0,12790585189.0,0.046911758819187195
4,district_out_f4of5,Poland/Warszawa/Ursus,llmrule-card,7,0.30971796274233454,0.07778808084501938,171796.0,16378508351.0,0.037305869885519996
4,district_out_f4of5,Poland/Warszawa/Ursus,llmrule-cost,7,0.32839234050592103,0.07800580163473363,135920.0,18509091919.0,0.0684136895152058
4,district_out_f4of5,Poland/Warszawa/Wola,learned,7,0.23551876613276754,0.06141704585049491,307773.0,55889952849.0,0.05727860139275621
4,district_out_f4of5,Poland/Warszawa/Wola,mes,7,0.2573536095418089,0.06934423541731063,312434.0,53308220651.0,0.05553525950375388
4,district_out_f4of5,Poland/Warszawa/Wola,res-1.0,7,0.25951962787366606,0.06964930940643838,313822.0,53359898061.0,0.05711443566856841
4,district_out_f4of5,Poland/Warszawa/Wola,greedy-count,7,0.2509535623766309,0.07728026460254932,195026.0,69756188191.0,0.11601836977193561
4,district_out_f4of5,Poland/Warszawa/Wola,greedy-cost,7,0.2618399441322132,0.07539552766442167,319586.0,46646004323.0,0.06466594071845194
4,district_out_f4of5,Poland/Warszawa/Wola,llmrule-card,7,0.2654146137384419,0.08214269412889061,312349.0,58387091629.0,0.07456802397423198
4,district_out_f4of5,Poland/Warszawa/Wola,llmrule-cost,7,0.23325581760211261,0.07384588368444006,241719.0,66387724234.0,0.09149179761967766
